1,2.1,2.2,10.7
64.024,5.898,2.391,0.003
64.047,6.062,2.423,0.092
63.765,6.046,2.388,-0.006
68,6.2,2.5,0.015
71,6.7,2.6,0.1
75.581,6.995,2.742,-0.153
75.128,6.931,2.705,0.017
74.155,6.86,2.733,-0.017
75.227,6.947,2.672,0.021
74.832,6.868,2.655,0.027
74.515,6.804,2.55,-0.012
74.715,6.851,2.666,0.01
74.403,6.819,2.666,-0.046
74.443,6.807,2.669,-0.043
74.394,6.773,2.65,-0.038
74.449,6.831,2.654,0.012
74.435,6.804,2.64,-0.056
74.449,6.836,2.641,-0.005
74.33,6.841,2.661,-0.024
74.376,6.799,2.657,-0.002
74.368,6.79,2.647,-0.026
74.374,6.767,2.643,0.02
74.368,6.789,2.644,-0.015
74.387,6.799,2.654,-0.005
74.399,6.786,2.657,-0.027
74.42,6.773,2.635,-0.023
74.475,6.775,2.647,0.005
74.435,6.72,2.623,0.005
74.409,6.699,2.638,0.02
74.408,6.7,2.612,0.023
74.428,6.7,2.647,-0.002
74.377,6.691,2.614,0.012
74.348,6.656,2.603,0.002
74.377,6.648,2.612,-0.011
74.39,6.621,2.594,0.006
74.342,6.606,2.583,-0.002
74.345,6.589,2.565,-0.002
74.316,6.548,2.542,-0.015
74.3,6.531,2.545,0.008
74.307,6.491,2.541,-0.003
74.257,6.462,2.518,0.005
74.225,6.416,2.51,0.003
74.199,6.415,2.489,0.01
74.196,6.378,2.469,0.018
74.164,6.34,2.451,-0.031
74.098,6.303,2.444,-0.029
74.019,6.261,2.409,0.006
73.982,6.221,2.374,0.012
73.938,6.171,2.37,0.008
73.865,6.119,2.333,0.003
73.801,6.065,2.332,0.011
73.721,6.026,2.313,0.015
73.659,5.981,2.284,-0.017
73.604,5.939,2.255,-0.009
73.518,5.87,2.231,-0.002
73.448,5.821,2.216,0.012
73.36,5.783,2.184,-0.005
73.276,5.724,2.15,-0.024
73.184,5.661,2.124,-0.024
73.103,5.64,2.122,0.01
73.003,5.592,2.1,0.009
72.94,5.545,2.083,-0.02
72.896,5.487,2.06,-0.005
72.829,5.457,2.028,-0.017
72.771,5.431,2.019,-0.011
72.688,5.397,2.014,0.011
72.624,5.368,2.016,-0.015
72.566,5.339,1.997,-0.002
72.54,5.334,1.988,0.003
72.501,5.295,1.974,0.008
72.444,5.276,1.982,0.012
72.395,5.261,1.976,-0.003
72.321,5.254,1.959,-0.009
72.302,5.231,1.964,-0.005
72.266,5.237,1.961,-0.02
72.224,5.232,1.949,-0.021
72.176,5.241,1.979,-0.018
72.171,5.228,1.964,-0.014
72.131,5.212,1.993,-0.015
72.093,5.234,2.008,-0.005
72.063,5.219,1.965,-0.035
72.049,5.208,1.968,-0.02
72.054,5.214,1.984,-0.038
71.985,5.199,2.017,-0.029
71.964,5.205,2.016,-0.006
71.928,5.223,2.036,0.008
71.898,5.24,2.049,0.012
71.849,5.217,2.016,-0.04
71.886,5.226,2.045,-0.018
71.88,5.24,2.048,0.008
71.898,5.255,2.011,0.01
71.852,5.27,2.068,-0.014
71.786,5.272,2.081,-0.008
71.806,5.333,2.089,-0.011
71.782,5.302,2.103,-0.006
71.825,5.341,2.138,0.017
71.791,5.338,2.164,-0.008
71.823,5.336,2.174,0.021
71.815,5.38,2.19,0.006
71.861,5.418,2.214,0.01
71.872,5.44,2.248,-0.02
71.873,5.476,2.263,-0.021
71.974,5.505,2.309,-0.015
71.925,5.571,2.341,0.018
71.93,5.583,2.307,-0.003
71.968,5.649,2.364,-0.017
72.037,5.623,2.397,0.002
72.076,5.672,2.455,0.012
72.061,5.75,2.449,0.023
72.118,5.786,2.542,-0.012
72.191,5.838,2.553,-0.003
72.174,5.862,2.579,0.008
72.249,5.882,2.615,0.015
72.272,5.933,2.663,-0.009
72.327,5.991,2.678,-0.014
72.301,6.03,2.705,-0.032
72.211,6.001,2.73,-0.046
72.205,6.105,2.791,0.05
72.191,6.125,2.829,-0.011
72.285,6.145,2.852,-0.008
72.296,6.163,2.872,-0.027
72.311,6.239,2.914,0.012
72.308,6.277,2.962,-0.006
72.395,6.294,2.994,0.005
72.324,6.406,3.081,0.006
72.406,6.464,3.111,-0.026
72.478,6.491,3.156,-0.009
72.621,6.577,3.215,-0.026
72.581,6.624,3.31,-0.029
72.743,6.702,3.394,0.02
72.745,6.841,3.503,0.07
72.85,6.987,3.593,-0.082
73.065,7.179,3.743,0.017
73.25,7.32,3.88,-0.003
73.331,7.484,4.031,0.011
73.506,7.663,4.172,-0.005
73.715,7.904,4.381,-0.02
73.967,8.119,4.625,-0.084
74.167,8.473,4.865,-0.041
74.345,8.696,5.075,-0.046
74.631,8.969,5.331,-0.05
74.907,9.331,5.641,-0.061
75.108,9.683,6.006,-0.032
75.4,10.03,6.296,-0.084
75.745,10.446,6.583,0.018
76.14,10.698,6.956,0.009
76.372,11.189,7.289,0.006
76.643,11.566,7.579,0.046
76.788,11.871,8.026,0.015
77.057,12.279,8.415,-0.009
77.423,12.718,8.804,0.056
77.972,13.522,9.544,-0.021
78.29,14.159,10.202,-0.034
78.51,14.54,10.561,-0.011
78.81,15.027,11.031,-0.014
79.086,15.442,11.586,0.005
79.257,15.9,11.884,-0.015
79.611,16.307,12.361,-0.021
79.767,16.815,12.735,-0.055
80.042,17.294,13.274,0.018
80.316,17.738,13.736,-0.04
80.603,18.114,14.323,-0.05
80.827,18.527,14.799,-0.023
81.026,19.022,15.17,0.038
81.081,19.464,15.61,0.006
81.38,19.936,16.205,-0.041
81.685,20.471,16.669,-0.02
81.866,20.917,17.215,0.099
82.242,21.32,17.712,0.099
82.471,21.869,18.246,-0.058
82.6,22.305,18.666,0.005
82.928,22.763,19.212,0.052
83.073,23.242,19.656,0.02
83.185,23.703,20.222,0.02
83.437,24.229,20.7,-0.003
84.035,25.523,22.008,0.011
84.442,26.445,23.068,0.044
84.624,26.93,23.662,0.099
84.784,27.368,24.118,0.099
85.046,27.895,24.666,0.07
85.172,28.326,25.188,0.096
85.31,28.844,25.7,0.11
85.587,29.277,26.21,0.114
85.777,29.768,26.697,0.127
85.814,30.147,27.213,0.172
85.982,30.626,27.692,0.166
86.072,31.076,28.194,0.14
86.171,31.558,28.705,0.194
86.308,31.981,29.181,0.145
86.383,32.381,29.7,0.182
86.545,32.848,30.183,0.186
86.627,33.305,30.705,0.182
86.763,33.763,31.206,0.217
86.836,34.2,31.657,0.186
86.937,34.65,32.138,0.209
87.003,35.051,32.591,0.226
87.164,35.44,33.076,0.229
87.294,35.86,33.514,0.264
87.419,36.272,33.968,0.287
87.506,36.665,34.428,0.282
87.553,37.067,34.851,0.285
87.617,37.459,35.335,0.291
87.762,37.869,35.747,0.31
87.843,38.249,36.18,0.33
87.955,38.618,36.606,0.357
88.014,38.977,36.992,0.375
88.109,39.336,37.413,0.354
88.234,39.732,37.834,0.391
88.342,40.076,38.231,0.414
88.429,40.411,38.632,0.409
88.469,40.8,39.05,0.421
88.57,41.185,39.449,0.462
88.657,41.518,39.841,0.488
88.76,41.869,40.251,0.514
88.863,42.227,40.636,0.536
88.943,42.599,41.052,0.565
89.038,42.949,41.451,0.58
89.12,43.28,41.829,0.604
89.188,43.642,42.218,0.61
89.268,43.974,42.621,0.638
89.355,44.327,42.996,0.682
89.439,44.656,43.381,0.714
89.493,44.992,43.732,0.737
89.566,45.338,44.115,0.78
89.638,45.631,44.469,0.813
89.713,45.95,44.812,0.83
89.789,46.306,45.222,0.897
89.879,46.696,45.645,0.94
89.915,47.012,46.005,0.97
90.024,47.339,46.361,1.01
90.08,47.632,46.701,1.024
90.149,47.96,47.041,1.083
90.202,48.257,47.395,1.138
90.295,48.584,47.751,1.19
90.356,48.889,48.079,1.23
90.401,49.199,48.436,1.28
90.506,49.516,48.792,1.326
90.552,49.812,49.139,1.375
90.643,50.133,49.493,1.436
90.707,50.427,49.817,1.495
90.746,50.745,50.177,1.549
90.794,51.031,50.505,1.611
90.862,51.326,50.838,1.675
90.93,51.639,51.169,1.73
90.997,51.935,51.497,1.791
91.066,52.24,51.817,1.854
91.129,52.525,52.139,1.929
91.167,52.798,52.451,2.007
91.229,53.082,52.776,2.069
91.29,53.358,53.075,2.145
91.348,53.63,53.377,2.213
91.42,53.909,53.679,2.287
91.472,54.178,53.976,2.365
91.508,54.428,54.277,2.438
91.534,54.683,54.558,2.522
91.615,54.948,54.839,2.599
91.679,55.215,55.148,2.687
91.734,55.463,55.431,2.765
91.786,55.722,55.705,2.852
91.852,55.989,55.998,2.939
91.891,56.244,56.274,3.038
91.949,56.491,56.557,3.131
91.983,56.754,56.831,3.22
92.047,57.014,57.126,3.329
92.091,57.277,57.414,3.421
92.149,57.544,57.698,3.526
92.195,57.767,57.956,3.63
92.238,58.028,58.243,3.738
92.287,58.284,58.521,3.844
92.342,58.527,58.778,3.954
92.41,58.771,59.055,4.06
92.458,58.997,59.315,4.179
92.494,59.241,59.567,4.295
92.525,59.467,59.827,4.407
92.581,59.703,60.098,4.524
92.636,59.941,60.339,4.643
92.677,60.162,60.593,4.764
92.717,60.396,60.843,4.887
92.757,60.623,61.089,5.016
92.813,60.847,61.345,5.144
92.839,61.078,61.591,5.276
92.888,61.305,61.841,5.411
92.94,61.534,62.088,5.539
92.986,61.758,62.334,5.675
93.044,61.984,62.585,5.818
93.073,62.216,62.823,5.959
93.12,62.447,63.068,6.107
93.166,62.675,63.327,6.258
93.213,62.888,63.565,6.407
93.25,63.12,63.809,6.557
93.295,63.356,64.052,6.712
93.341,63.574,64.288,6.87
93.399,63.794,64.536,7.022
93.44,64.005,64.771,7.182
93.48,64.212,64.996,7.339
93.529,64.418,65.218,7.494
93.573,64.622,65.433,7.643
93.617,64.822,65.649,7.8
93.645,64.998,65.842,7.947
93.677,65.19,66.048,8.102
93.715,65.378,66.245,8.263
93.744,65.556,66.438,8.408
93.781,65.741,66.644,8.566
93.816,65.93,66.841,8.723
93.846,66.112,67.035,8.884
93.89,66.277,67.229,9.042
93.935,66.466,67.43,9.207
93.962,66.637,67.618,9.367
93.994,66.811,67.799,9.541
94.014,66.995,67.984,9.708
94.064,67.188,68.198,9.885
94.102,67.365,68.388,10.06
94.128,67.545,68.575,10.24
94.176,67.732,68.771,10.423
94.215,67.912,68.961,10.597
94.252,68.094,69.154,10.783
94.283,68.275,69.357,10.97
94.33,68.449,69.545,11.163
94.36,68.62,69.719,11.343
94.397,68.794,69.917,11.539
94.434,68.974,70.103,11.728
94.47,69.154,70.288,11.931
94.505,69.322,70.47,12.126
94.534,69.492,70.656,12.317
94.557,69.658,70.828,12.508
94.597,69.827,71.014,12.697
94.646,70.003,71.193,12.898
94.678,70.169,71.361,13.097
94.691,70.322,71.523,13.292
94.734,70.49,71.707,13.493
94.762,70.662,71.887,13.702
94.797,70.824,72.055,13.898
94.826,70.978,72.22,14.099
94.867,71.143,72.394,14.311
94.899,71.309,72.568,14.522
94.922,71.474,72.739,14.737
94.955,71.623,72.914,14.955
94.994,71.794,73.082,15.175
95.035,71.98,73.273,15.398
95.07,72.134,73.441,15.617
95.097,72.292,73.604,15.834
95.128,72.446,73.767,16.06
95.157,72.598,73.929,16.281
95.192,72.768,74.095,16.513
95.23,72.92,74.254,16.73
95.259,73.064,74.408,16.949
95.32,73.311,74.67,17.303
95.378,73.566,74.934,17.668
95.399,73.694,75.072,17.877
95.433,73.84,75.218,18.092
95.454,73.975,75.357,18.3
95.476,74.101,75.496,18.512
95.515,74.234,75.635,18.719
95.549,74.376,75.778,18.935
95.573,74.519,75.917,19.153
95.596,74.646,76.054,19.37
95.613,74.777,76.195,19.588
95.642,74.915,76.331,19.809
95.674,75.053,76.474,20.035
95.694,75.182,76.611,20.258
95.709,75.299,76.74,20.479
95.747,75.443,76.88,20.714
95.77,75.581,77.023,20.947
95.798,75.72,77.168,21.184
95.815,75.853,77.301,21.419
95.842,75.98,77.437,21.652
95.865,76.108,77.568,21.886
95.882,76.231,77.705,22.119
95.903,76.358,77.835,22.354
95.926,76.497,77.966,22.589
95.941,76.611,78.091,22.815
95.963,76.73,78.217,23.05
95.987,76.86,78.345,23.288
95.998,76.973,78.459,23.511
96.024,77.1,78.583,23.743
96.039,77.213,78.708,23.981
96.056,77.33,78.822,24.208
96.072,77.448,78.937,24.435
96.088,77.567,79.057,24.669
96.109,77.682,79.179,24.902
96.124,77.798,79.305,25.142
96.149,77.914,79.427,25.374
96.17,78.029,79.543,25.613
96.19,78.145,79.659,25.853
96.208,78.265,79.779,26.096
96.23,78.38,79.906,26.34
96.254,78.491,80.026,26.582
96.275,78.61,80.151,26.834
96.289,78.729,80.261,27.081
96.306,78.847,80.376,27.328
96.329,78.958,80.498,27.577
96.352,79.085,80.617,27.837
96.37,79.189,80.731,28.078
96.387,79.305,80.844,28.323
96.404,79.41,80.951,28.558
96.419,79.517,81.062,28.804
96.443,79.633,81.181,29.051
96.46,79.745,81.279,29.292
96.477,79.843,81.381,29.524
96.484,79.951,81.494,29.759
96.509,80.052,81.602,29.994
96.538,80.164,81.705,30.232
96.547,80.266,81.808,30.47
96.565,80.367,81.921,30.71
96.59,80.473,82.028,30.951
96.611,80.579,82.126,31.187
96.635,80.682,82.234,31.427
96.638,80.774,82.321,31.662
96.657,80.875,82.419,31.908
96.683,80.983,82.535,32.155
96.7,81.087,82.637,32.394
96.713,81.171,82.739,32.64
96.742,81.282,82.837,32.89
96.754,81.383,82.938,33.139
96.764,81.48,83.038,33.377
96.796,81.583,83.147,33.62
96.811,81.682,83.24,33.868
96.832,81.783,83.345,34.114
96.849,81.874,83.438,34.352
96.86,81.973,83.528,34.592
96.87,82.062,83.623,34.834
96.893,82.156,83.719,35.072
96.913,82.257,83.81,35.312
96.933,82.347,83.914,35.553
96.954,82.439,84.004,35.786
96.967,82.538,84.09,36.021
96.982,82.626,84.187,36.261
97.008,82.718,84.283,36.504
97.023,82.817,84.372,36.742
97.047,82.909,84.465,36.989
97.063,82.994,84.564,37.231
97.067,83.081,84.642,37.469
97.09,83.18,84.74,37.721
97.112,83.272,84.839,37.973
97.122,83.365,84.926,38.222
97.154,83.467,85.027,38.484
97.159,83.563,85.12,38.744
97.176,83.65,85.214,38.998
97.194,83.745,85.306,39.261
97.208,83.839,85.4,39.522
97.232,83.934,85.493,39.775
97.246,84.019,85.58,40.03
97.276,84.114,85.677,40.286
97.298,84.21,85.767,40.529
97.31,84.296,85.857,40.775
97.324,84.38,85.939,41.003
97.346,84.465,86.023,41.237
97.363,84.538,86.09,41.464
97.383,84.625,86.18,41.684
97.395,84.7,86.249,41.896
97.411,84.781,86.33,42.114
97.421,84.846,86.407,42.332
97.435,84.918,86.481,42.545
97.45,84.996,86.549,42.76
97.459,85.062,86.612,42.969
97.469,85.13,86.679,43.181
97.485,85.208,86.758,43.401
97.502,85.28,86.833,43.613
97.516,85.358,86.905,43.828
97.52,85.425,86.964,44.043
97.531,85.497,87.035,44.267
97.548,85.577,87.109,44.489
97.557,85.641,87.177,44.702
97.577,85.716,87.244,44.922
97.591,85.794,87.321,45.151
97.601,85.864,87.392,45.369
97.603,85.925,87.454,45.583
97.626,86.012,87.54,45.805
97.635,86.081,87.605,46.024
97.65,86.147,87.671,46.237
97.67,86.226,87.749,46.469
97.685,86.31,87.817,46.692
97.696,86.369,87.881,46.904
97.708,86.443,87.959,47.125
97.719,86.508,88.023,47.345
97.733,86.578,88.086,47.559
97.746,86.652,88.159,47.784
97.76,86.725,88.228,48.016
97.781,86.801,88.297,48.241
97.792,86.873,88.371,48.468
97.807,86.945,88.435,48.694
97.824,87.021,88.506,48.921
97.833,87.082,88.564,49.15
97.852,87.157,88.644,49.382
97.864,87.236,88.722,49.609
97.871,87.303,88.78,49.838
97.881,87.375,88.853,50.067
97.902,87.444,88.921,50.288
97.917,87.512,88.992,50.51
97.945,87.585,89.066,50.74
97.957,87.656,89.131,50.957
97.958,87.712,89.189,51.163
97.964,87.784,89.249,51.379
97.974,87.849,89.304,51.593
97.998,87.926,89.377,51.811
97.995,87.991,89.438,52.019
98.01,88.043,89.503,52.228
98.038,88.11,89.569,52.438
98.048,88.179,89.629,52.649
98.064,88.246,89.69,52.852
98.065,88.298,89.738,53.064
98.085,88.361,89.804,53.273
98.099,88.431,89.87,53.484
98.105,88.489,89.926,53.694
98.114,88.553,89.98,53.903
98.132,88.62,90.048,54.114
98.145,88.686,90.103,54.323
98.161,88.748,90.16,54.53
98.177,88.814,90.221,54.742
98.183,88.878,90.276,54.951
98.184,88.933,90.327,55.159
98.213,89,90.402,55.37
98.221,89.058,90.453,55.569
98.224,89.117,90.508,55.775
98.245,89.178,90.569,55.975
98.25,89.233,90.62,56.177
98.256,89.284,90.672,56.372
98.268,89.351,90.736,56.578
98.271,89.406,90.788,56.77
98.286,89.462,90.837,56.966
98.305,89.517,90.895,57.164
98.318,89.568,90.952,57.362
98.334,89.619,91,57.559
98.344,89.68,91.057,57.755
98.346,89.734,91.101,57.948
98.361,89.79,91.154,58.147
98.367,89.845,91.206,58.347
98.367,89.9,91.26,58.539
98.383,89.961,91.312,58.742
98.389,90.013,91.357,58.943
98.41,90.077,91.414,59.146
98.418,90.117,91.461,59.34
98.433,90.179,91.521,59.538
98.436,90.244,91.571,59.74
98.459,90.3,91.624,59.943
98.477,90.353,91.681,60.139
98.483,90.404,91.728,60.326
98.489,90.448,91.78,60.513
98.489,90.494,91.829,60.696
98.492,90.538,91.872,60.88
98.506,90.587,91.908,61.064
98.512,90.639,91.953,61.247
98.526,90.692,92.01,61.438
98.549,90.75,92.068,61.62
98.547,90.796,92.114,61.8
98.557,90.849,92.159,61.986
98.567,90.895,92.209,62.17
98.572,90.947,92.247,62.343
98.575,90.993,92.291,62.531
98.587,91.048,92.343,62.721
98.615,91.119,92.395,62.909
98.621,91.154,92.442,63.092
98.625,91.199,92.493,63.277
98.631,91.248,92.537,63.461
98.645,91.301,92.581,63.64
98.669,91.356,92.642,63.824
98.683,91.418,92.691,64.008
98.688,91.469,92.726,64.192
98.683,91.505,92.76,64.359
98.689,91.557,92.801,64.528
98.711,91.618,92.857,64.719
98.724,91.666,92.9,64.896
98.735,91.716,92.938,65.076
98.752,91.762,92.986,65.245
98.763,91.814,93.037,65.416
98.778,91.873,93.086,65.598
98.781,91.908,93.115,65.761
98.785,91.942,93.152,65.923
98.804,92.001,93.205,66.098
98.814,92.052,93.248,66.27
98.834,92.11,93.298,66.451
98.843,92.155,93.336,66.632
98.849,92.204,93.378,66.8
98.857,92.249,93.427,66.972
98.875,92.3,93.466,67.149
98.886,92.352,93.515,67.319
98.897,92.393,93.553,67.496
98.894,92.432,93.585,67.661
98.898,92.484,93.629,67.838
98.912,92.531,93.675,68.01
98.941,92.577,93.73,68.185
98.959,92.632,93.781,68.362
98.961,92.68,93.82,68.53
98.976,92.729,93.863,68.7
98.972,92.761,93.884,68.848
98.987,92.816,93.922,69.012
98.984,92.851,93.956,69.168
98.994,92.889,93.996,69.327
99.014,92.94,94.04,69.492
99.025,92.978,94.081,69.643
99.036,93.024,94.122,69.801
99.049,93.063,94.157,69.963
99.062,93.111,94.199,70.125
99.069,93.158,94.24,70.288
99.078,93.202,94.272,70.445
99.078,93.239,94.305,70.599
99.095,93.282,94.348,70.761
99.095,93.317,94.377,70.9
99.106,93.364,94.42,71.062
99.109,93.407,94.463,71.236
99.115,93.452,94.499,71.391
99.126,93.495,94.53,71.545
99.138,93.53,94.566,71.701
99.149,93.57,94.598,71.861
99.15,93.61,94.633,72.017
99.165,93.671,94.682,72.168
99.193,93.713,94.725,72.327
99.19,93.736,94.751,72.485
99.178,93.765,94.801,72.623
99.194,93.813,94.832,72.771
99.193,93.826,94.841,72.905
99.211,93.883,94.885,73.068
99.225,93.93,94.919,73.213
99.232,93.958,94.945,73.361
99.232,93.99,94.98,73.508
99.237,94.025,95.012,73.648
99.255,94.077,95.059,73.801
99.245,94.096,95.07,73.94
99.252,94.119,95.108,74.081
99.249,94.164,95.129,74.229
99.268,94.214,95.174,74.382
99.281,94.249,95.207,74.536
99.297,94.286,95.238,74.683
99.297,94.324,95.265,74.826
99.287,94.357,95.294,74.971
99.3,94.397,95.332,75.131
99.306,94.424,95.372,75.27
99.306,94.45,95.392,75.404
99.316,94.485,95.418,75.545
99.336,94.54,95.462,75.697
99.329,94.56,95.488,75.838
99.336,94.583,95.508,75.969
99.339,94.633,95.54,76.112
99.341,94.658,95.57,76.244
99.341,94.704,95.596,76.375
99.336,94.72,95.609,76.503
99.348,94.749,95.642,76.637
99.35,94.763,95.667,76.762
99.358,94.794,95.706,76.895
99.387,94.841,95.743,77.045
99.388,94.873,95.786,77.18
99.388,94.923,95.815,77.328
99.376,94.948,95.827,77.451
99.385,94.974,95.862,77.582
99.39,94.995,95.886,77.718
99.4,95.035,95.944,77.849
99.413,95.064,95.966,77.986
99.417,95.097,95.982,78.123
99.417,95.125,95.998,78.256
99.417,95.16,96.016,78.38
99.426,95.197,96.049,78.514
99.437,95.216,96.078,78.65
99.44,95.267,96.097,78.78
99.452,95.311,96.132,78.908
99.466,95.337,96.178,79.03
99.469,95.369,96.205,79.158
99.481,95.396,96.227,79.28
99.467,95.419,96.243,79.393
99.484,95.453,96.266,79.52
99.481,95.483,96.286,79.651
99.486,95.512,96.312,79.771
99.495,95.543,96.349,79.9
99.501,95.573,96.373,80.023
99.506,95.605,96.405,80.147
99.5,95.628,96.416,80.27
99.501,95.665,96.445,80.403
99.504,95.683,96.461,80.519
99.532,95.735,96.509,80.661
99.529,95.764,96.529,80.779
99.536,95.798,96.547,80.896
99.547,95.836,96.577,81.029
99.544,95.871,96.602,81.148
99.544,95.894,96.625,81.27
99.548,95.905,96.64,81.378
99.554,95.941,96.669,81.503
99.554,95.969,96.69,81.615
99.57,96.004,96.71,81.74
99.583,96.033,96.744,81.851
99.576,96.06,96.767,81.972
99.586,96.095,96.79,82.094
99.59,96.124,96.812,82.202
99.59,96.144,96.834,82.317
99.594,96.159,96.851,82.433
99.596,96.194,96.886,82.544
99.609,96.231,96.912,82.661
99.609,96.246,96.93,82.776
99.609,96.275,96.96,82.883
99.606,96.301,96.971,82.991
99.622,96.333,96.999,83.119
99.632,96.361,97.023,83.244
99.625,96.376,97.031,83.345
99.626,96.405,97.049,83.453
99.626,96.431,97.067,83.565
99.637,96.466,97.095,83.673
99.637,96.49,97.122,83.786
99.651,96.516,97.139,83.899
99.646,96.539,97.151,84.015
99.649,96.568,97.18,84.119
99.646,96.596,97.211,84.224
99.652,96.617,97.22,84.323
99.672,96.642,97.241,84.435
99.66,96.661,97.255,84.531
99.667,96.687,97.284,84.637
99.666,96.71,97.295,84.746
99.669,96.733,97.318,84.85
99.672,96.75,97.339,84.949
99.672,96.777,97.365,85.063
99.677,96.811,97.385,85.17
99.677,96.826,97.401,85.275
99.673,96.851,97.417,85.374
99.667,96.867,97.426,85.481
99.673,96.889,97.452,85.585
99.686,96.918,97.476,85.695
99.692,96.935,97.491,85.799
99.687,96.954,97.504,85.896
99.68,96.971,97.528,85.995
99.683,96.989,97.551,86.093
99.683,97.005,97.556,86.195
99.677,97.018,97.575,86.284
99.69,97.04,97.589,86.386
99.692,97.067,97.607,86.482
99.681,97.076,97.621,86.575
99.696,97.105,97.659,86.679
99.693,97.122,97.682,86.777
99.675,97.127,97.679,86.861
99.678,97.141,97.685,86.952
99.68,97.162,97.701,87.044
99.677,97.18,97.714,87.134
99.678,97.191,97.729,87.233
99.686,97.206,97.751,87.331
99.687,97.229,97.768,87.427
99.673,97.229,97.774,87.511
99.669,97.238,97.795,87.599
99.67,97.255,97.815,87.701
99.661,97.258,97.82,87.788
99.66,97.27,97.833,87.874
99.657,97.273,97.845,87.964
99.651,97.281,97.853,88.048
99.643,97.29,97.864,88.135
99.632,97.285,97.868,88.217
99.625,97.299,97.882,88.309
99.614,97.302,97.897,88.388
99.608,97.301,97.903,88.47
99.611,97.311,97.916,88.557
99.605,97.304,97.928,88.641
99.596,97.308,97.934,88.727
99.59,97.314,97.951,88.803
99.585,97.318,97.96,88.884
99.573,97.316,97.964,88.966
99.573,97.316,97.968,89.047
99.567,97.324,97.983,89.137
99.561,97.331,97.993,89.212
99.548,97.328,98.001,89.299
99.539,97.328,98.01,89.386
99.532,97.324,98.027,89.481
99.516,97.313,98.035,89.548
99.506,97.299,98.036,89.618
99.496,97.299,98.047,89.702
99.466,97.282,98.036,89.767
99.46,97.272,98.042,89.842
99.443,97.256,98.053,89.919
99.426,97.244,98.051,89.99
99.413,97.232,98.053,90.056
99.394,97.209,98.053,90.12
99.39,97.197,98.064,90.201
99.371,97.185,98.068,90.276
99.355,97.168,98.073,90.34
99.344,97.174,98.085,90.421
99.332,97.173,98.088,90.497
99.333,97.176,98.102,90.578
99.344,97.202,98.123,90.666
99.338,97.215,98.122,90.752
99.329,97.226,98.135,90.833
99.345,97.261,98.169,90.921
99.348,97.287,98.183,91.005
99.361,97.321,98.207,91.096
99.371,97.35,98.216,91.185
99.377,97.375,98.238,91.275
99.399,97.423,98.271,91.367
99.409,97.464,98.293,91.458
99.423,97.502,98.311,91.542
99.438,97.543,98.332,91.641
99.452,97.585,98.364,91.733
99.474,97.62,98.384,91.823
99.483,97.664,98.415,91.911
99.498,97.707,98.439,91.994
99.516,97.748,98.457,92.085
99.538,97.804,98.492,92.184
99.554,97.844,98.512,92.27
99.577,97.89,98.544,92.361
99.59,97.937,98.563,92.444
99.617,97.987,98.592,92.549
99.631,98.027,98.618,92.638
99.648,98.071,98.633,92.712
99.663,98.126,98.656,92.81
99.684,98.178,98.689,92.909
99.702,98.222,98.718,92.999
99.724,98.273,98.749,93.091
99.744,98.32,98.772,93.181
99.763,98.372,98.795,93.274
99.78,98.415,98.817,93.358
99.797,98.459,98.845,93.448
99.818,98.497,98.869,93.544
99.837,98.547,98.894,93.628
99.852,98.596,98.921,93.709
99.857,98.625,98.938,93.774
99.883,98.668,98.967,93.866
99.899,98.711,98.981,93.953
99.911,98.74,98.993,94.023
99.919,98.781,99.019,94.102
99.928,98.808,99.046,94.189
99.936,98.846,99.055,94.266
99.944,98.874,99.069,94.341
99.965,98.907,99.101,94.421
99.966,98.944,99.115,94.495
99.989,98.987,99.138,94.586
99.997,99.016,99.159,94.661
99.998,99.04,99.168,94.734
100.021,99.078,99.194,94.812
100.021,99.103,99.222,94.884
100.026,99.12,99.22,94.948
100.029,99.155,99.24,95.029
100.037,99.178,99.248,95.1
100.04,99.203,99.265,95.164
100.043,99.222,99.274,95.236
100.046,99.239,99.29,95.306
100.049,99.258,99.304,95.367
100.05,99.28,99.318,95.43
100.06,99.303,99.333,95.496
100.066,99.321,99.342,95.564
100.063,99.329,99.356,95.625
100.066,99.345,99.361,95.697
100.076,99.379,99.388,95.767
100.085,99.399,99.405,95.84
100.089,99.411,99.411,95.908
100.082,99.422,99.419,95.979
100.072,99.419,99.42,96.027
100.085,99.446,99.438,96.098
100.079,99.466,99.446,96.165
100.09,99.474,99.464,96.231
100.084,99.489,99.474,96.292
100.092,99.504,99.489,96.361
100.09,99.515,99.496,96.422
100.085,99.518,99.5,96.475
100.084,99.535,99.513,96.535
100.089,99.547,99.521,96.6
100.089,99.553,99.53,96.658
100.092,99.565,99.539,96.719
100.084,99.567,99.547,96.768
100.082,99.579,99.55,96.826
100.076,99.588,99.556,96.884
100.079,99.597,99.571,96.945
100.078,99.597,99.577,97.003
100.079,99.608,99.585,97.058
100.063,99.606,99.58,97.101
100.061,99.615,99.591,97.166
100.067,99.62,99.603,97.224
100.066,99.626,99.615,97.282
100.069,99.646,99.628,97.345
100.064,99.648,99.632,97.401
100.072,99.663,99.646,97.466
100.064,99.667,99.651,97.514
100.061,99.677,99.66,97.563
100.047,99.673,99.652,97.612
100.046,99.681,99.657,97.665
100.044,99.695,99.669,97.723
100.035,99.69,99.672,97.777
100.029,99.692,99.673,97.821
100.047,99.701,99.69,97.885
100.05,99.716,99.709,97.948
100.049,99.728,99.712,98.007
100.047,99.744,99.738,98.065
100.032,99.724,99.716,98.102
100.034,99.731,99.727,98.161
100.035,99.753,99.745,98.228
100.044,99.773,99.762,98.294
100.052,99.782,99.768,98.349
100.034,99.777,99.768,98.398
100.024,99.785,99.763,98.439
100.023,99.796,99.773,98.492
100.053,99.828,99.817,98.582
100.046,99.826,99.815,98.622
100.017,99.812,99.799,98.657
100.038,99.834,99.814,98.724
100.034,99.854,99.823,98.773
100.035,99.852,99.826,98.82
100.034,99.849,99.829,98.868
100.026,99.861,99.847,98.924
100.037,99.892,99.864,98.985
100.052,99.901,99.889,99.048
100.032,99.892,99.864,99.078
100.005,99.87,99.85,99.1
99.995,99.875,99.843,99.136
100.012,99.89,99.86,99.205
100.031,99.918,99.898,99.275
100.047,99.945,99.927,99.341
100.037,99.957,99.919,99.391
100.017,99.944,99.918,99.423
99.998,99.936,99.911,99.463
100.002,99.948,99.922,99.51
99.994,99.945,99.916,99.561
99.989,99.928,99.902,99.582
99.983,99.948,99.921,99.637
99.995,99.971,99.94,99.689
99.979,99.956,99.931,99.715
99.979,99.957,99.931,99.765
99.98,99.966,99.939,99.82
99.968,99.96,99.944,99.86
99.977,99.985,99.963,99.905
99.969,99.98,99.956,99.95
99.986,99.998,99.982,100.005
