0.8,1.7_t,3.2_t,31.4_t
54.393,38.11,6.671,0.01
54.468,37.502,6.403,0.1
54.605,37.302,6.212,0.1
51,0.1,0.001,2.001
69,0.1,0.001,0.1
65.903,37.013,6.122,0.1
66.348,36.882,6.239,0.1
66.237,36.346,6.166,0.1
67.976,37.027,6.268,-0.096
68.417,36.929,6.238,0.034
68.803,36.986,6.325,-0.096
69.479,37.178,6.358,0.031
69.774,37.152,6.424,-0.027
70.314,37.413,6.461,0.018
70.729,37.523,6.508,-0.117
71.202,37.749,6.596,0.011
71.625,37.939,6.694,0.137
72.012,38.075,6.76,0.01
72.342,38.319,6.866,-0.031
72.752,38.553,6.961,-0.017
73.08,38.753,7.063,-0.034
73.418,39.024,7.248,-0.021
73.796,39.33,7.341,0.003
74.168,39.58,7.489,-0.018
74.446,39.844,7.608,-0.006
74.757,40.111,7.739,0.02
75.07,40.408,7.909,-0.024
75.368,40.688,8.07,0.008
75.636,40.926,8.255,-0.031
75.958,41.243,8.385,-0.011
76.357,41.591,8.565,-0.032
76.637,41.862,8.733,0.006
76.939,42.087,8.861,-0.02
77.292,42.377,9.033,-0.018
77.643,42.691,9.195,-0.064
78.015,42.931,9.346,-0.003
78.319,43.207,9.515,0.014
78.654,43.454,9.682,-0.011
79.024,43.709,9.853,-0.032
79.373,43.936,10.013,-0.02
79.701,44.179,10.139,-0.027
79.988,44.411,10.275,0.014
80.304,44.583,10.408,0.003
80.583,44.821,10.558,-0.003
80.833,45,10.681,0.023
81.068,45.175,10.803,-0.049
81.265,45.331,10.905,-0.027
81.436,45.497,11.017,-0.024
81.619,45.624,11.118,-0.003
81.775,45.781,11.211,0.003
81.931,45.92,11.301,0.012
82.036,46.019,11.359,-0.024
82.164,46.1,11.421,0.011
82.329,46.202,11.491,0.021
82.455,46.263,11.536,0.012
82.603,46.333,11.574,-0.024
82.68,46.416,11.601,-0.003
82.78,46.463,11.63,-0.006
82.861,46.465,11.635,-0.032
82.991,46.48,11.639,0.014
83.035,46.495,11.667,0.011
83.15,46.49,11.661,-0.017
83.284,46.454,11.656,0.005
83.376,46.457,11.655,-0.006
83.464,46.431,11.609,0.003
83.534,46.378,11.583,-0.005
83.572,46.338,11.536,0.006
83.673,46.277,11.496,0.009
83.781,46.196,11.423,0.047
83.839,46.124,11.366,0.003
83.888,46.045,11.333,0.02
84.007,45.961,11.266,-0.02
84.018,45.889,11.189,0.003
84.093,45.763,11.131,-0.003
84.186,45.665,11.06,-0.003
84.28,45.572,10.985,-0.003
84.326,45.441,10.927,-0.034
84.412,45.345,10.878,0.021
84.479,45.209,10.779,-0.005
84.525,45.105,10.704,-0.037
84.593,45.035,10.652,-0.05
84.682,44.93,10.562,-0.05
84.746,44.832,10.481,0.029
84.825,44.685,10.428,-0.006
84.908,44.595,10.378,-0.029
84.952,44.455,10.291,0.006
85.095,44.368,10.196,0.046
85.104,44.241,10.1,-0.006
85.214,44.18,10.042,0.047
85.32,44.061,10.002,-0.021
85.411,43.959,9.924,-0.044
85.429,43.831,9.833,-0.024
85.513,43.732,9.802,0.012
85.583,43.633,9.703,-0.024
85.667,43.561,9.674,0.014
85.728,43.446,9.616,0.029
85.832,43.361,9.557,-0.067
85.895,43.253,9.5,-0.072
86.029,43.222,9.456,0.035
86.098,43.147,9.438,0.052
86.139,43.057,9.404,0.031
86.189,43.018,9.334,-0.012
86.25,42.917,9.311,0.018
86.334,42.871,9.259,0.018
86.36,42.78,9.244,-0.052
86.443,42.72,9.178,-0.05
86.49,42.625,9.123,-0.073
86.581,42.599,9.145,-0.035
86.58,42.551,9.079,-0.041
86.671,42.508,9.067,-0.026
86.765,42.461,9.019,-0.017
86.81,42.404,8.99,-0.044
86.908,42.368,8.965,-0.061
86.967,42.332,8.965,-0.067
87.001,42.258,8.923,0.005
87.053,42.255,8.94,-0.101
87.025,42.2,8.882,-0.07
87.024,42.16,8.89,0.079
87.18,42.104,8.881,-0.114
87.17,42.11,8.818,-0.049
87.152,42.021,8.82,-0.024
87.195,42.027,8.823,-0.073
87.337,41.997,8.768,-0.024
87.346,41.937,8.777,0.114
87.367,41.977,8.82,0.058
87.43,41.876,8.742,-0.031
87.543,41.933,8.766,-0.093
87.558,41.911,8.751,-0.061
87.592,41.881,8.789,0.139
87.65,41.809,8.719,0.09
87.726,41.785,8.714,-0.027
87.697,41.721,8.661,-0.04
87.869,41.777,8.679,0.015
87.823,41.753,8.672,0.107
87.81,41.742,8.662,-0.127
87.865,41.646,8.591,-0.029
87.946,41.606,8.62,-0.125
88.086,41.687,8.618,0.002
88.101,41.69,8.632,-0.113
88.086,41.65,8.623,0.024
88.055,41.608,8.586,-0.087
88.144,41.536,8.54,-0.092
88.254,41.571,8.612,-0.07
88.24,41.562,8.609,0.038
88.309,41.544,8.537,0.119
88.275,41.566,8.54,0.073
88.478,41.513,8.594,0.029
88.481,41.46,8.549,0.049
88.397,41.476,8.554,-0.055
88.435,41.397,8.49,-0.136
88.579,41.464,8.466,-0.108
88.402,41.441,8.511,0.035
88.359,41.386,8.502,-0.05
88.496,41.405,8.575,-0.143
88.576,41.354,8.516,-0.084
88.686,41.364,8.408,-0.237
88.6,41.405,8.499,0.012
88.712,41.316,8.382,-0.008
88.722,41.367,8.524,0.006
88.756,41.483,8.685,0.154
88.715,41.403,8.508,-0.023
88.885,41.431,8.537,-0.043
88.834,41.406,8.62,-0.195
88.837,41.454,8.618,0.052
88.834,41.405,8.493,0.131
89.075,41.493,8.582,-0.127
88.936,41.4,8.624,-0.084
89.034,41.479,8.557,0.014
89.157,41.508,8.481,0.053
89.044,41.568,8.543,-0.168
89.262,41.56,8.58,0.009
89.34,41.566,8.588,0.02
89.264,41.632,8.661,-0.108
89.297,41.643,8.798,-0.189
89.268,41.623,8.772,-0.238
89.481,41.748,8.891,-0.087
89.494,41.82,8.881,0.0001
89.59,41.959,8.899,0.084
89.528,41.928,8.954,-0.029
89.606,41.905,8.965,-0.066
89.713,41.959,8.983,-0.002
89.702,42.012,8.978,-0.07
89.806,42.165,9.065,0.008
89.854,42.174,9.094,0.035
89.861,42.21,9.134,0.008
89.87,42.255,9.174,0.011
89.865,42.328,9.203,-0.044
89.911,42.406,9.283,-0.053
89.948,42.516,9.344,-0.027
89.871,42.581,9.396,0.047
89.946,42.677,9.422,-0.023
90.045,42.772,9.517,0.047
90.108,42.871,9.544,0.021
90.007,42.953,9.657,-0.034
90.089,43.025,9.709,-0.012
90.047,43.135,9.756,0.024
90.109,43.233,9.805,0.073
90.193,43.34,9.88,0.027
90.205,43.43,9.941,-0.037
90.237,43.506,10.002,0.027
90.199,43.62,10.075,0.021
90.256,43.735,10.146,0.047
90.265,43.823,10.207,0.003
90.305,43.93,10.286,0.002
90.324,43.993,10.342,-0.073
90.323,44.095,10.422,0.011
90.363,44.203,10.481,0.02
90.381,44.308,10.555,-0.047
90.448,44.402,10.609,0.035
90.488,44.493,10.681,0.009
90.469,44.591,10.757,0.035
90.527,44.695,10.822,0.029
90.54,44.781,10.878,-0.012
90.569,44.887,10.956,0.031
90.559,44.987,11.034,-0.006
90.623,45.078,11.099,-0.044
90.652,45.16,11.153,0.027
90.686,45.245,11.232,0.027
90.724,45.338,11.304,-0.015
90.736,45.445,11.354,0.027
90.762,45.541,11.417,0.031
90.811,45.604,11.47,-0.005
90.819,45.683,11.517,0.006
90.84,45.776,11.603,0.011
90.88,45.85,11.641,0.011
90.881,45.929,11.705,-0.027
90.941,46.033,11.771,-0.006
90.997,46.117,11.845,0.011
91,46.178,11.905,0.023
91.037,46.262,11.964,0.002
91.042,46.312,12.009,0.009
91.049,46.402,12.083,-0.006
91.069,46.481,12.132,-0.005
91.154,46.545,12.181,-0.003
91.165,46.622,12.242,0.006
91.153,46.701,12.3,-0.015
91.203,46.768,12.364,0.003
91.228,46.838,12.413,0.027
91.284,46.921,12.469,-0.015
91.318,47.011,12.526,-0.002
91.327,47.078,12.596,-0.014
91.342,47.145,12.65,0.018
91.356,47.212,12.714,-0.003
91.38,47.284,12.764,-0.003
91.418,47.346,12.827,-0.006
91.449,47.423,12.883,0.027
91.484,47.502,12.936,-0.003
91.492,47.569,13,0.027
91.521,47.638,13.046,0.005
91.544,47.708,13.109,0.011
91.586,47.777,13.173,-0.008
91.618,47.861,13.229,0.012
91.65,47.932,13.287,-0.005
91.655,47.992,13.344,-0.006
91.673,48.059,13.391,0.027
91.702,48.123,13.458,0.008
91.751,48.199,13.516,0.02
91.771,48.276,13.576,0.003
91.788,48.338,13.638,0.003
91.809,48.425,13.69,0.005
91.835,48.495,13.759,0.027
91.878,48.564,13.818,-0.012
91.896,48.642,13.878,-0.023
91.924,48.718,13.948,-0.002
91.96,48.798,14.012,0.005
91.985,48.88,14.079,0.008
91.986,48.943,14.145,0.005
92.021,49.022,14.212,0.002
92.047,49.106,14.284,0.011
92.067,49.191,14.345,0.017
92.108,49.269,14.418,0.027
92.134,49.361,14.487,-0.003
92.155,49.443,14.563,0.008
92.171,49.521,14.629,0.008
92.207,49.603,14.699,0.008
92.229,49.683,14.769,-0.018
92.256,49.762,14.845,-0.008
92.278,49.841,14.917,-0.011
92.303,49.933,14.989,0.002
92.322,50.023,15.065,-0.006
92.346,50.108,15.146,0.009
92.369,50.203,15.225,0.005
92.406,50.284,15.303,0.027
92.421,50.369,15.39,0.009
92.455,50.464,15.469,0.011
92.476,50.558,15.546,-0.002
92.505,50.661,15.634,0.027
92.529,50.754,15.727,0.027
92.542,50.853,15.808,0.027
92.583,50.946,15.9,-0.011
92.609,51.047,16,0.002
92.636,51.141,16.084,0.027
92.661,51.247,16.173,0.005
92.686,51.352,16.267,0.006
92.7,51.451,16.359,-0.003
92.738,51.556,16.455,0.014
92.772,51.64,16.539,0.006
92.798,51.744,16.634,0.002
92.816,51.831,16.714,-0.006
92.824,51.92,16.803,0.027
92.842,52.017,16.895,-0.002
92.867,52.112,16.983,0.003
92.897,52.208,17.07,-0.002
92.918,52.301,17.166,0.005
92.935,52.405,17.262,0.027
92.941,52.504,17.361,-0.009
92.975,52.605,17.451,-0.002
92.993,52.704,17.545,-0.002
93.016,52.802,17.647,0.027
93.024,52.904,17.749,0.027
93.065,53.014,17.851,-0.002
93.088,53.114,17.949,0.027
93.095,53.227,18.06,0.005
93.132,53.34,18.164,0.005
93.155,53.445,18.277,0.009
93.173,53.56,18.385,0.003
93.199,53.67,18.495,0.027
93.23,53.792,18.611,0.002
93.239,53.891,18.718,0.009
93.263,54.001,18.829,0.005
93.283,54.112,18.945,0.002
93.314,54.228,19.054,-0.002
93.333,54.349,19.177,-0.002
93.353,54.459,19.287,0.006
93.373,54.578,19.402,0.009
93.396,54.688,19.519,0.009
93.413,54.8,19.637,0.005
93.437,54.916,19.756,0.027
93.456,55.025,19.868,0.005
93.468,55.133,19.989,0.008
93.506,55.261,20.111,0.006
93.521,55.385,20.23,0.009
93.55,55.493,20.349,0.009
93.565,55.603,20.471,0.027
93.591,55.722,20.598,0.002
93.607,55.838,20.721,0.014
93.616,55.957,20.85,0.015
93.646,56.081,20.981,0.012
93.678,56.212,21.107,0.012
93.698,56.332,21.242,0.012
93.727,56.454,21.375,0.006
93.744,56.575,21.503,0.011
93.762,56.683,21.623,0.011
93.779,56.807,21.758,0.009
93.813,56.926,21.887,0.018
93.823,57.045,22.015,0.015
93.889,57.231,22.223,0.023
93.958,57.43,22.446,0.037
93.968,57.533,22.566,0.035
93.994,57.64,22.685,0.038
94.009,57.745,22.803,0.035
94.031,57.855,22.925,0.035
94.049,57.961,23.039,0.034
94.08,58.07,23.164,0.037
94.101,58.186,23.293,0.035
94.116,58.29,23.407,0.035
94.13,58.397,23.531,0.032
94.145,58.505,23.657,0.031
94.162,58.614,23.784,0.035
94.174,58.72,23.906,0.037
94.189,58.827,24.03,0.034
94.208,58.946,24.159,0.032
94.238,59.055,24.289,0.037
94.258,59.169,24.417,0.04
94.278,59.282,24.55,0.044
94.293,59.39,24.683,0.04
94.313,59.497,24.805,0.038
94.334,59.612,24.933,0.037
94.35,59.715,25.063,0.04
94.366,59.822,25.194,0.041
94.379,59.929,25.316,0.044
94.397,60.034,25.443,0.037
94.418,60.146,25.574,0.041
94.429,60.254,25.699,0.043
94.444,60.352,25.822,0.043
94.447,60.454,25.949,0.047
94.463,60.556,26.074,0.043
94.482,60.66,26.201,0.046
94.505,60.767,26.324,0.05
94.522,60.87,26.453,0.049
94.536,60.977,26.582,0.049
94.557,61.081,26.709,0.049
94.572,61.185,26.834,0.047
94.591,61.288,26.964,0.055
94.609,61.392,27.095,0.053
94.63,61.505,27.231,0.056
94.649,61.61,27.362,0.055
94.667,61.719,27.499,0.055
94.673,61.821,27.632,0.061
94.695,61.931,27.765,0.06
94.711,62.036,27.904,0.06
94.728,62.148,28.044,0.061
94.743,62.251,28.175,0.063
94.765,62.369,28.31,0.061
94.78,62.462,28.435,0.06
94.794,62.561,28.569,0.064
94.815,62.669,28.711,0.067
94.826,62.778,28.842,0.067
94.836,62.875,28.972,0.072
94.853,62.975,29.099,0.072
94.868,63.072,29.23,0.07
94.89,63.182,29.364,0.069
94.91,63.281,29.492,0.075
94.92,63.382,29.63,0.076
94.943,63.487,29.762,0.076
94.962,63.591,29.897,0.081
94.98,63.696,30.034,0.081
94.987,63.794,30.162,0.087
94.995,63.896,30.296,0.09
95.029,64.003,30.441,0.087
95.045,64.104,30.582,0.087
95.05,64.211,30.724,0.089
95.071,64.313,30.867,0.09
95.081,64.427,31.007,0.095
95.097,64.532,31.152,0.098
95.119,64.639,31.296,0.099
95.14,64.746,31.439,0.104
95.161,64.85,31.581,0.104
95.172,64.957,31.723,0.107
95.197,65.062,31.868,0.108
95.201,65.164,32.01,0.113
95.221,65.263,32.15,0.113
95.241,65.373,32.298,0.117
95.256,65.485,32.448,0.121
95.268,65.59,32.59,0.122
95.29,65.692,32.738,0.127
95.306,65.797,32.887,0.13
95.328,65.91,33.035,0.131
95.345,66.017,33.183,0.133
95.364,66.125,33.337,0.14
95.384,66.235,33.496,0.142
95.387,66.348,33.656,0.143
95.403,66.466,33.815,0.148
95.425,66.574,33.975,0.153
95.436,66.69,34.14,0.159
95.459,66.812,34.314,0.163
95.48,66.939,34.483,0.166
95.488,67.049,34.656,0.174
95.5,67.168,34.83,0.177
95.523,67.296,35.011,0.185
95.538,67.415,35.182,0.189
95.56,67.529,35.35,0.195
95.584,67.654,35.527,0.203
95.612,67.775,35.692,0.208
95.624,67.897,35.867,0.211
95.636,68.007,36.031,0.215
95.653,68.123,36.192,0.218
95.66,68.227,36.349,0.224
95.686,68.335,36.504,0.23
95.699,68.436,36.656,0.235
95.714,68.542,36.809,0.24
95.723,68.645,36.964,0.246
95.737,68.75,37.122,0.249
95.749,68.854,37.279,0.255
95.755,68.954,37.43,0.262
95.769,69.061,37.592,0.272
95.779,69.177,37.756,0.276
95.79,69.276,37.915,0.284
95.816,69.391,38.084,0.291
95.819,69.501,38.251,0.299
95.833,69.606,38.419,0.307
95.85,69.719,38.586,0.317
95.853,69.826,38.759,0.323
95.872,69.943,38.931,0.334
95.888,70.053,39.107,0.343
95.894,70.161,39.281,0.354
95.898,70.265,39.444,0.363
95.924,70.387,39.629,0.371
95.943,70.508,39.801,0.385
95.952,70.618,39.973,0.394
95.97,70.735,40.158,0.409
95.984,70.857,40.341,0.42
95.993,70.966,40.514,0.427
96.016,71.074,40.689,0.441
96.027,71.187,40.871,0.453
96.031,71.3,41.052,0.464
96.046,71.414,41.228,0.478
96.068,71.535,41.417,0.491
96.088,71.657,41.609,0.508
96.1,71.78,41.798,0.52
96.114,71.898,41.994,0.537
96.129,72.02,42.186,0.549
96.14,72.139,42.38,0.565
96.165,72.264,42.575,0.578
96.184,72.386,42.77,0.598
96.184,72.514,42.969,0.616
96.194,72.626,43.164,0.63
96.213,72.748,43.359,0.648
96.228,72.865,43.546,0.667
96.249,72.974,43.733,0.685
96.266,73.09,43.919,0.702
96.271,73.207,44.109,0.722
96.289,73.328,44.304,0.739
96.295,73.436,44.487,0.76
96.312,73.566,44.682,0.78
96.329,73.672,44.867,0.797
96.338,73.77,45.049,0.822
96.364,73.886,45.232,0.839
96.376,74.002,45.419,0.862
96.385,74.112,45.607,0.885
96.391,74.225,45.798,0.906
96.408,74.336,45.984,0.929
96.425,74.463,46.178,0.954
96.442,74.573,46.362,0.977
96.451,74.677,46.556,1.001
96.469,74.789,46.748,1.028
96.484,74.915,46.942,1.056
96.498,75.021,47.133,1.08
96.516,75.134,47.325,1.109
96.527,75.25,47.522,1.134
96.532,75.362,47.716,1.166
96.562,75.49,47.919,1.198
96.568,75.591,48.106,1.227
96.577,75.702,48.296,1.254
96.591,75.815,48.489,1.286
96.6,75.916,48.677,1.318
96.609,76.025,48.865,1.349
96.625,76.138,49.052,1.382
96.631,76.247,49.239,1.413
96.646,76.346,49.425,1.447
96.669,76.459,49.619,1.482
96.68,76.572,49.809,1.518
96.696,76.671,49.994,1.552
96.71,76.785,50.188,1.587
96.716,76.894,50.378,1.625
96.732,77.008,50.575,1.665
96.739,77.126,50.772,1.707
96.745,77.237,50.967,1.747
96.771,77.348,51.17,1.79
96.779,77.458,51.373,1.831
96.794,77.573,51.575,1.874
96.794,77.687,51.776,1.924
96.806,77.798,51.979,1.97
96.808,77.917,52.185,2.017
96.822,78.03,52.391,2.068
96.849,78.146,52.602,2.118
96.857,78.256,52.803,2.167
96.86,78.358,52.997,2.217
96.878,78.459,53.181,2.266
96.883,78.574,53.383,2.318
96.889,78.685,53.581,2.373
96.893,78.796,53.78,2.428
96.906,78.899,53.973,2.48
96.933,79.007,54.175,2.538
96.947,79.111,54.372,2.592
96.956,79.228,54.578,2.655
96.968,79.338,54.776,2.716
96.968,79.442,54.973,2.78
96.957,79.55,55.177,2.841
96.98,79.66,55.383,2.907
97.005,79.779,55.592,2.975
97.012,79.886,55.798,3.044
97.023,80.003,56.007,3.113
97.032,80.109,56.212,3.183
97.049,80.231,56.432,3.258
97.061,80.341,56.641,3.336
97.079,80.46,56.856,3.415
97.095,80.562,57.059,3.493
97.087,80.666,57.266,3.571
97.101,80.772,57.475,3.651
97.13,80.893,57.695,3.734
97.137,81.009,57.898,3.815
97.154,81.113,58.112,3.903
97.173,81.215,58.315,3.992
97.192,81.328,58.528,4.079
97.215,81.441,58.736,4.169
97.211,81.552,58.949,4.263
97.218,81.654,59.161,4.356
97.246,81.764,59.372,4.453
97.264,81.886,59.589,4.552
97.278,81.998,59.807,4.654
97.285,82.111,60.031,4.765
97.29,82.217,60.245,4.869
97.313,82.335,60.469,4.98
97.331,82.451,60.696,5.095
97.339,82.559,60.918,5.211
97.35,82.664,61.142,5.327
97.356,82.784,61.369,5.45
97.379,82.912,61.598,5.577
97.386,83.031,61.829,5.707
97.397,83.138,62.05,5.833
97.42,83.249,62.274,5.966
97.443,83.362,62.489,6.1
97.453,83.478,62.723,6.232
97.455,83.588,62.943,6.363
97.467,83.693,63.162,6.5
97.469,83.8,63.376,6.644
97.479,83.91,63.594,6.784
97.493,84.015,63.812,6.923
97.517,84.123,64.034,7.071
97.525,84.241,64.256,7.219
97.539,84.361,64.473,7.375
97.557,84.467,64.702,7.526
97.575,84.575,64.919,7.687
97.575,84.686,65.141,7.843
97.581,84.781,65.353,8.005
97.591,84.898,65.588,8.173
97.589,85.007,65.807,8.345
97.598,85.117,66.032,8.524
97.618,85.225,66.266,8.699
97.632,85.342,66.486,8.881
97.639,85.454,66.714,9.068
97.644,85.567,66.942,9.256
97.647,85.664,67.152,9.439
97.668,85.77,67.375,9.63
97.691,85.88,67.603,9.83
97.705,85.992,67.827,10.019
97.713,86.084,68.03,10.21
97.707,86.191,68.246,10.411
97.723,86.302,68.471,10.606
97.725,86.392,68.681,10.811
97.745,86.496,68.9,11.014
97.754,86.606,69.109,11.215
97.763,86.705,69.312,11.423
97.774,86.794,69.519,11.633
97.778,86.899,69.724,11.845
97.797,87.022,69.952,12.065
97.786,87.115,70.16,12.291
97.795,87.207,70.367,12.512
97.801,87.302,70.583,12.743
97.815,87.401,70.798,12.979
97.829,87.515,71.013,13.211
97.841,87.61,71.225,13.449
97.852,87.711,71.436,13.686
97.852,87.805,71.638,13.934
97.881,87.912,71.866,14.182
97.885,88.013,72.064,14.42
97.884,88.106,72.258,14.662
97.881,88.197,72.452,14.905
97.911,88.295,72.652,15.143
97.914,88.374,72.839,15.387
97.916,88.466,73.041,15.636
97.937,88.559,73.239,15.883
97.945,88.646,73.425,16.122
97.945,88.719,73.601,16.367
97.943,88.803,73.784,16.615
97.955,88.904,73.979,16.873
97.957,88.991,74.168,17.131
97.958,89.075,74.342,17.377
97.984,89.174,74.541,17.636
97.99,89.25,74.716,17.896
98.009,89.351,74.904,18.158
97.995,89.426,75.09,18.422
98.012,89.517,75.276,18.694
98.012,89.604,75.456,18.962
98.032,89.685,75.63,19.234
98.041,89.769,75.816,19.507
98.047,89.836,75.99,19.777
98.056,89.912,76.157,20.049
98.062,89.998,76.331,20.323
98.079,90.073,76.503,20.586
98.087,90.146,76.671,20.856
98.091,90.225,76.834,21.13
98.106,90.305,76.999,21.396
98.126,90.375,77.165,21.664
98.135,90.443,77.324,21.936
98.141,90.515,77.486,22.202
98.143,90.585,77.644,22.466
98.16,90.66,77.798,22.745
98.167,90.736,77.959,23.021
98.18,90.805,78.108,23.288
98.199,90.877,78.271,23.569
98.206,90.942,78.427,23.842
98.204,91.014,78.587,24.129
98.21,91.092,78.748,24.414
98.215,91.161,78.896,24.699
98.224,91.223,79.047,24.994
98.259,91.31,79.234,25.293
98.262,91.373,79.379,25.577
98.267,91.426,79.512,25.865
98.289,91.493,79.66,26.152
98.297,91.568,79.807,26.439
98.306,91.64,79.961,26.724
98.303,91.698,80.099,27.011
98.322,91.759,80.244,27.295
98.332,91.83,80.386,27.574
98.34,91.879,80.518,27.855
98.352,91.945,80.658,28.137
98.363,92.018,80.804,28.423
98.381,92.072,80.937,28.7
98.389,92.122,81.065,28.987
98.389,92.192,81.209,29.28
98.402,92.25,81.34,29.556
98.415,92.314,81.471,29.845
98.428,92.368,81.609,30.138
98.431,92.435,81.746,30.426
98.441,92.496,81.874,30.719
98.444,92.545,82.002,31.013
98.462,92.598,82.13,31.311
98.477,92.665,82.274,31.616
98.476,92.722,82.404,31.917
98.477,92.78,82.538,32.21
98.483,92.824,82.655,32.497
98.5,92.876,82.782,32.794
98.512,92.934,82.906,33.083
98.517,93.004,83.038,33.385
98.521,93.062,83.174,33.688
98.535,93.115,83.293,33.978
98.543,93.159,83.411,34.267
98.546,93.211,83.531,34.558
98.557,93.26,83.646,34.846
98.567,93.314,83.772,35.136
98.575,93.372,83.887,35.432
98.581,93.419,83.998,35.725
98.589,93.466,84.119,36.02
98.586,93.51,84.23,36.314
98.596,93.565,84.343,36.613
98.61,93.626,84.476,36.923
98.615,93.68,84.596,37.228
98.627,93.736,84.712,37.537
98.634,93.777,84.825,37.845
98.627,93.828,84.938,38.156
98.647,93.884,85.071,38.475
98.66,93.932,85.181,38.786
98.657,93.985,85.307,39.095
98.66,94.029,85.416,39.404
98.666,94.08,85.526,39.709
98.666,94.121,85.623,40.002
98.665,94.167,85.736,40.305
98.674,94.221,85.851,40.611
98.686,94.264,85.959,40.904
98.683,94.308,86.07,41.203
98.695,94.371,86.182,41.508
98.695,94.405,86.279,41.805
98.688,94.444,86.391,42.104
98.691,94.489,86.485,42.403
98.695,94.543,86.597,42.714
98.701,94.592,86.7,43.013
98.703,94.646,86.813,43.321
98.715,94.681,86.913,43.626
98.714,94.731,87.024,43.939
98.709,94.769,87.125,44.247
98.705,94.812,87.225,44.562
98.715,94.864,87.34,44.887
98.708,94.911,87.447,45.195
98.703,94.958,87.553,45.5
98.703,95.013,87.659,45.815
98.697,95.039,87.753,46.115
98.694,95.085,87.859,46.425
98.685,95.128,87.953,46.733
98.682,95.178,88.055,47.041
98.674,95.219,88.161,47.354
98.669,95.261,88.254,47.661
98.666,95.306,88.351,47.955
98.662,95.346,88.451,48.262
98.656,95.39,88.553,48.575
98.645,95.438,88.649,48.882
98.647,95.477,88.748,49.197
98.631,95.517,88.84,49.501
98.622,95.558,88.936,49.817
98.621,95.602,89.037,50.134
98.622,95.634,89.136,50.453
98.61,95.686,89.246,50.775
98.593,95.738,89.343,51.099
98.589,95.792,89.45,51.428
98.567,95.824,89.539,51.752
98.547,95.868,89.633,52.072
98.543,95.92,89.738,52.394
98.511,95.949,89.827,52.715
98.5,95.99,89.917,53.032
98.479,96.04,90.025,53.351
98.457,96.083,90.131,53.668
98.436,96.121,90.219,53.992
98.409,96.161,90.302,54.3
98.399,96.208,90.399,54.623
98.381,96.251,90.485,54.945
98.358,96.288,90.59,55.278
98.347,96.333,90.683,55.592
98.332,96.365,90.764,55.916
98.334,96.408,90.862,56.236
98.344,96.443,90.952,56.558
98.352,96.481,91.032,56.885
98.354,96.513,91.115,57.216
98.372,96.552,91.219,57.561
98.387,96.593,91.298,57.89
98.413,96.62,91.386,58.231
98.421,96.657,91.478,58.562
98.438,96.681,91.557,58.884
98.466,96.722,91.644,59.213
98.494,96.758,91.725,59.528
98.524,96.79,91.811,59.853
98.553,96.822,91.89,60.172
98.582,96.852,91.975,60.493
98.605,96.878,92.053,60.812
98.63,96.909,92.126,61.131
98.665,96.935,92.204,61.43
98.692,96.97,92.285,61.743
98.73,97.003,92.368,62.067
98.755,97.029,92.442,62.379
98.79,97.06,92.513,62.695
98.822,97.09,92.59,63.016
98.853,97.112,92.667,63.335
98.885,97.139,92.741,63.644
98.917,97.166,92.818,63.966
98.961,97.192,92.902,64.296
98.994,97.237,92.984,64.632
99.022,97.258,93.057,64.961
99.055,97.289,93.135,65.297
99.094,97.319,93.211,65.622
99.132,97.346,93.283,65.941
99.156,97.371,93.35,66.251
99.184,97.401,93.423,66.571
99.222,97.432,93.497,66.888
99.252,97.461,93.581,67.198
99.283,97.485,93.655,67.508
99.3,97.505,93.721,67.816
99.333,97.531,93.788,68.12
99.365,97.566,93.863,68.433
99.388,97.583,93.929,68.747
99.409,97.614,94.005,69.063
99.435,97.639,94.073,69.374
99.455,97.664,94.148,69.681
99.471,97.694,94.211,69.992
99.5,97.716,94.287,70.313
99.522,97.739,94.344,70.622
99.551,97.777,94.42,70.958
99.57,97.806,94.498,71.278
99.577,97.824,94.563,71.59
99.603,97.868,94.64,71.915
99.615,97.899,94.71,72.227
99.631,97.906,94.771,72.537
99.643,97.931,94.841,72.853
99.654,97.957,94.902,73.164
99.669,97.993,94.972,73.483
99.683,98.015,95.041,73.795
99.695,98.044,95.113,74.101
99.704,98.068,95.177,74.409
99.712,98.09,95.232,74.713
99.727,98.116,95.293,75.012
99.725,98.143,95.367,75.327
99.738,98.164,95.433,75.627
99.751,98.193,95.494,75.938
99.77,98.215,95.567,76.257
99.782,98.256,95.641,76.576
99.792,98.268,95.711,76.889
99.786,98.296,95.766,77.2
99.785,98.314,95.821,77.516
99.805,98.344,95.891,77.844
99.802,98.367,95.958,78.165
99.82,98.405,96.028,78.493
99.811,98.431,96.085,78.809
99.821,98.47,96.159,79.137
99.829,98.488,96.225,79.445
99.832,98.509,96.283,79.753
99.837,98.528,96.344,80.058
99.835,98.553,96.408,80.368
99.841,98.576,96.469,80.667
99.846,98.605,96.53,80.988
99.847,98.631,96.599,81.288
99.85,98.656,96.657,81.595
99.85,98.672,96.706,81.9
99.857,98.7,96.774,82.208
99.86,98.718,96.823,82.509
99.864,98.74,96.884,82.814
99.857,98.761,96.942,83.122
99.854,98.785,97.003,83.434
99.863,98.816,97.058,83.748
99.869,98.839,97.128,84.071
99.875,98.862,97.2,84.389
99.876,98.891,97.263,84.703
99.886,98.924,97.322,85.022
99.875,98.943,97.382,85.329
99.876,98.953,97.433,85.619
99.875,98.973,97.484,85.918
99.881,99.001,97.543,86.227
99.895,99.026,97.607,86.543
99.893,99.049,97.664,86.847
99.883,99.063,97.713,87.134
99.896,99.095,97.777,87.447
99.91,99.13,97.849,87.75
99.911,99.146,97.902,88.051
99.919,99.179,97.957,88.362
99.908,99.188,98.009,88.657
99.916,99.205,98.061,88.966
99.918,99.232,98.125,89.296
99.928,99.269,98.196,89.616
99.934,99.294,98.253,89.931
99.933,99.307,98.302,90.239
99.925,99.321,98.351,90.553
99.933,99.352,98.413,90.869
99.959,99.39,98.492,91.187
99.95,99.396,98.531,91.47
99.933,99.388,98.563,91.762
99.951,99.442,98.643,92.09
99.956,99.474,98.708,92.39
99.957,99.486,98.741,92.671
99.954,99.484,98.788,92.96
99.968,99.509,98.833,93.245
99.98,99.55,98.909,93.567
99.988,99.579,98.972,93.869
99.973,99.574,98.991,94.136
99.947,99.574,99.025,94.411
99.94,99.594,99.086,94.696
99.957,99.631,99.149,95.018
99.989,99.663,99.222,95.328
100.009,99.704,99.297,95.648
100.006,99.718,99.347,95.95
100.011,99.731,99.379,96.228
99.988,99.736,99.416,96.509
99.989,99.759,99.472,96.805
99.985,99.762,99.506,97.09
99.977,99.759,99.519,97.345
99.983,99.786,99.588,97.655
99.991,99.817,99.641,97.94
99.974,99.823,99.681,98.215
99.974,99.852,99.724,98.497
99.989,99.866,99.771,98.782
99.973,99.875,99.812,99.054
99.983,99.913,99.864,99.355
99.985,99.942,99.928,99.652
100.003,99.974,100.003,99.902
