1.000,2.000,3.000,4.000
72.868,75.523,61.472,57.059
73.082,75.777,62.225,57.529
73.653,75.873,62.372,57.880
73.653,75.873,62.372,57.880
73.653,75.873,62.372,57.880
89.091,91.902,76.164,71.190
89.174,91.902,76.378,71.483
88.495,91.112,76.044,71.210
90.256,92.839,77.562,72.722
90.327,92.894,77.631,72.882
90.582,93.199,77.882,73.160
91.180,93.710,78.395,73.784
91.156,93.758,78.404,73.869
91.588,94.211,78.905,74.380
91.826,94.472,79.214,74.756
92.059,94.759,79.549,75.096
92.351,95.067,79.816,75.453
92.563,95.265,80.061,75.771
92.751,95.494,80.367,76.122
92.949,95.755,80.592,76.448
93.092,95.918,80.809,76.762
93.272,96.132,81.091,77.072
93.510,96.373,81.418,77.417
93.649,96.533,81.656,77.718
93.759,96.736,81.853,78.043
93.904,96.866,82.068,78.339
94.061,97.021,82.329,78.661
94.188,97.223,82.539,78.978
94.228,97.307,82.719,79.242
94.342,97.472,82.925,79.572
94.548,97.609,83.217,79.932
94.635,97.723,83.440,80.246
94.775,97.874,83.670,80.562
94.928,98.021,83.920,80.875
95.032,98.125,84.138,81.192
95.137,98.233,84.349,81.468
95.248,98.311,84.560,81.752
95.335,98.421,84.729,82.001
95.464,98.520,84.984,82.254
95.546,98.560,85.162,82.530
95.634,98.665,85.333,82.771
95.744,98.740,85.493,83.029
95.825,98.833,85.672,83.226
95.966,98.909,85.876,83.461
96.021,98.909,85.997,83.656
96.082,98.947,86.160,83.846
96.188,98.975,86.302,84.030
96.277,99.060,86.461,84.221
96.338,99.098,86.630,84.402
96.394,99.097,86.742,84.578
96.469,99.139,86.913,84.721
96.530,99.182,87.041,84.920
96.577,99.228,87.157,85.081
96.649,99.248,87.299,85.229
96.645,99.263,87.434,85.382
96.707,99.283,87.560,85.536
96.727,99.297,87.682,85.663
96.777,99.374,87.823,85.805
96.834,99.394,87.927,85.970
96.852,99.397,88.036,86.066
96.852,99.376,88.135,86.195
96.947,99.434,88.257,86.348
96.973,99.461,88.382,86.505
96.970,99.484,88.486,86.612
97.003,99.548,88.635,86.743
97.058,99.530,88.721,86.847
97.009,99.539,88.770,86.946
97.049,99.609,88.898,87.044
97.092,99.608,89.009,87.163
97.115,99.588,89.084,87.274
97.160,99.635,89.200,87.410
97.168,99.666,89.299,87.538
97.195,99.680,89.368,87.614
97.185,99.651,89.423,87.694
97.171,99.617,89.510,87.775
97.206,99.684,89.624,87.907
97.186,99.677,89.684,87.987
97.221,99.707,89.775,88.080
97.237,99.730,89.857,88.214
97.246,99.739,89.960,88.319
97.284,99.719,90.100,88.457
97.310,99.744,90.208,88.545
97.345,99.763,90.266,88.718
97.314,99.783,90.340,88.771
97.324,99.803,90.480,88.928
97.360,99.756,90.558,88.971
97.409,99.768,90.645,89.188
97.412,99.838,90.781,89.281
97.455,99.817,90.871,89.439
97.537,99.866,90.988,89.537
97.528,99.870,91.095,89.632
97.554,99.872,91.223,89.757
97.554,99.908,91.245,89.853
97.572,99.875,91.313,90.016
97.586,99.930,91.432,90.149
97.659,99.948,91.515,90.181
97.704,99.918,91.608,90.297
97.723,99.968,91.699,90.404
97.772,100.037,91.786,90.479
97.841,100.070,91.888,90.628
97.868,100.032,92.003,90.694
97.812,100.044,92.017,90.793
97.881,100.031,92.163,90.894
97.908,100.018,92.189,90.962
97.850,99.998,92.201,90.958
97.878,100.063,92.274,91.087
97.905,100.005,92.305,91.118
97.998,100.063,92.430,91.209
98.036,100.078,92.490,91.360
98.007,100.108,92.564,91.469
98.059,100.076,92.641,91.505
98.105,100.146,92.738,91.611
98.077,100.102,92.795,91.663
98.083,100.125,92.877,91.748
98.106,100.122,92.947,91.789
98.224,100.203,93.073,92.035
98.195,100.044,93.039,92.055
98.148,100.166,93.234,92.162
98.207,100.198,93.283,92.215
98.120,100.105,93.173,92.195
98.215,100.136,93.188,92.307
98.332,100.305,93.407,92.424
98.354,100.218,93.510,92.552
98.244,100.269,93.513,92.583
98.358,100.186,93.562,92.624
98.451,100.212,93.712,92.645
98.405,100.284,93.652,92.815
98.366,100.211,93.707,92.867
98.441,100.244,93.774,92.918
98.466,100.279,93.858,92.931
98.424,100.240,93.796,92.920
98.466,100.249,93.921,93.109
98.465,100.264,94.046,93.118
98.512,100.220,94.077,93.285
98.611,100.395,94.229,93.364
98.514,100.217,94.113,93.318
98.502,100.311,94.196,93.434
98.630,100.276,94.289,93.498
98.563,100.258,94.231,93.565
98.615,100.269,94.341,93.747
98.581,100.227,94.344,93.657
98.633,100.131,94.435,93.681
98.622,100.221,94.514,93.814
98.723,100.255,94.583,93.913
98.648,100.117,94.598,93.942
98.654,100.244,94.582,93.983
98.642,100.166,94.637,94.022
98.756,100.218,94.772,94.112
98.746,100.224,94.798,94.167
98.782,100.290,94.795,94.199
98.846,100.291,94.952,94.324
98.991,100.490,95.142,94.521
99.010,100.311,95.166,94.643
98.984,100.351,95.082,94.814
98.972,100.336,95.123,94.701
98.969,100.185,95.238,94.891
99.052,100.241,95.386,94.841
99.072,100.533,95.418,95.013
99.202,100.484,95.537,94.923
99.214,100.417,95.442,95.061
99.194,100.310,95.497,95.084
99.074,100.446,95.543,94.899
99.071,100.577,95.656,95.259
99.106,100.525,95.549,95.253
99.071,100.320,95.354,94.989
99.248,100.540,95.729,95.401
99.083,100.500,95.827,95.395
99.117,100.485,95.837,95.529
99.254,100.366,95.924,95.445
99.182,100.539,96.049,95.563
99.255,100.446,96.027,95.532
99.277,100.455,96.001,95.753
99.260,100.449,95.995,95.755
99.231,100.436,96.072,95.729
99.237,100.676,96.114,95.854
99.394,100.673,96.185,96.031
99.483,100.714,96.367,96.222
99.481,100.723,96.442,96.144
99.516,100.632,96.355,96.150
99.509,100.708,96.469,96.231
99.525,100.684,96.501,96.323
99.536,100.783,96.556,96.356
99.646,100.774,96.664,96.407
99.617,100.793,96.667,96.507
99.556,100.703,96.599,96.468
99.557,100.713,96.593,96.469
99.466,100.650,96.576,96.468
99.559,100.665,96.657,96.500
99.585,100.641,96.721,96.468
99.582,100.627,96.635,96.509
99.588,100.630,96.701,96.611
99.658,100.616,96.739,96.596
99.612,100.653,96.790,96.655
99.614,100.591,96.738,96.631
99.562,100.562,96.700,96.651
99.586,100.589,96.751,96.776
99.651,100.632,96.828,96.700
99.591,100.566,96.867,96.774
99.649,100.571,96.861,96.767
99.580,100.500,96.851,96.741
99.583,100.568,96.825,96.806
99.590,100.566,96.906,96.826
99.646,100.568,96.942,96.864
99.626,100.552,96.999,96.887
99.628,100.551,97.000,96.962
99.612,100.511,96.977,96.918
99.612,100.522,97.002,96.945
99.638,100.522,97.020,96.991
99.646,100.529,97.032,97.003
99.643,100.562,97.057,97.038
99.672,100.566,97.081,97.057
99.652,100.545,97.139,97.101
99.648,100.534,97.096,97.078
99.661,100.528,97.142,97.163
99.689,100.545,97.156,97.189
99.702,100.566,97.203,97.224
99.692,100.578,97.247,97.247
99.704,100.560,97.266,97.273
99.716,100.526,97.292,97.295
99.713,100.502,97.266,97.289
99.706,100.551,97.285,97.314
99.690,100.476,97.276,97.273
99.681,100.522,97.308,97.343
99.704,100.542,97.353,97.394
99.706,100.514,97.353,97.403
99.712,100.479,97.333,97.415
99.759,100.526,97.430,97.467
99.713,100.519,97.371,97.461
99.693,100.461,97.385,97.462
99.699,100.476,97.447,97.502
99.709,100.491,97.453,97.525
99.731,100.488,97.467,97.534
99.727,100.449,97.475,97.549
99.748,100.482,97.514,97.583
99.721,100.468,97.491,97.594
99.742,100.459,97.528,97.614
99.745,100.467,97.571,97.638
99.738,100.452,97.551,97.662
99.780,100.485,97.620,97.694
99.771,100.482,97.627,97.701
99.759,100.481,97.639,97.737
99.759,100.476,97.639,97.743
99.762,100.462,97.649,97.766
99.771,100.456,97.670,97.774
99.770,100.452,97.693,97.783
99.777,100.462,97.720,97.807
99.786,100.464,97.726,97.853
99.757,100.424,97.731,97.845
99.771,100.424,97.742,97.858
99.780,100.427,97.748,97.884
99.799,100.446,97.781,97.888
99.809,100.458,97.798,97.908
99.796,100.436,97.806,97.932
99.797,100.429,97.807,97.929
99.776,100.432,97.820,97.960
99.789,100.427,97.845,97.983
99.825,100.467,97.882,98.015
99.800,100.430,97.876,98.012
99.785,100.424,97.870,98.006
99.805,100.415,97.900,98.042
99.811,100.426,97.931,98.055
99.811,100.420,97.931,98.073
99.820,100.415,97.948,98.094
99.818,100.429,97.960,98.108
99.820,100.418,97.977,98.111
99.829,100.409,98.003,98.131
99.815,100.406,98.009,98.163
99.808,100.421,98.021,98.169
99.852,100.433,98.062,98.201
99.846,100.427,98.065,98.221
99.840,100.430,98.091,98.236
99.866,100.426,98.094,98.250
99.854,100.421,98.120,98.256
99.858,100.423,98.125,98.282
99.870,100.446,98.143,98.299
99.872,100.433,98.141,98.299
99.872,100.410,98.160,98.296
99.858,100.404,98.161,98.311
99.875,100.423,98.190,98.344
99.867,100.407,98.192,98.338
99.878,100.409,98.213,98.370
99.878,100.404,98.225,98.373
99.886,100.414,98.230,98.396
99.875,100.427,98.248,98.416
99.899,100.433,98.271,98.433
99.904,100.429,98.280,98.450
99.907,100.438,98.293,98.457
99.913,100.435,98.322,98.468
99.908,100.435,98.337,98.491
99.913,100.423,98.344,98.505
99.915,100.433,98.346,98.512
99.930,100.436,98.372,98.537
99.931,100.438,98.392,98.546
99.940,100.441,98.395,98.575
99.942,100.452,98.418,98.579
99.957,100.464,98.451,98.608
99.974,100.462,98.463,98.630
99.959,100.446,98.465,98.633
99.954,100.444,98.470,98.633
99.951,100.447,98.482,98.650
99.965,100.450,98.500,98.663
99.962,100.443,98.500,98.671
99.969,100.444,98.515,98.692
99.977,100.456,98.534,98.705
99.985,100.453,98.558,98.717
99.985,100.449,98.561,98.724
99.988,100.458,98.578,98.735
99.969,100.450,98.581,98.730
99.983,100.452,98.587,98.752
99.977,100.444,98.607,98.759
99.997,100.452,98.616,98.782
100.012,100.453,98.625,98.792
100.009,100.452,98.643,98.810
100.009,100.461,98.666,98.827
100.017,100.467,98.672,98.848
100.023,100.478,98.691,98.863
100.018,100.465,98.694,98.860
100.027,100.465,98.705,98.869
100.032,100.471,98.724,98.889
100.026,100.462,98.724,98.901
100.044,100.468,98.743,98.917
100.038,100.473,98.750,98.930
100.041,100.478,98.759,98.940
100.046,100.475,98.775,98.956
100.047,100.471,98.790,98.972
100.061,100.475,98.802,98.982
100.055,100.478,98.813,98.991
100.061,100.490,98.828,98.994
100.067,100.484,98.831,99.014
100.067,100.487,98.849,99.023
100.075,100.496,98.871,99.037
100.081,100.482,98.877,99.052
100.087,100.494,98.892,99.065
100.098,100.504,98.906,99.081
100.104,100.502,98.921,99.100
100.082,100.497,98.923,99.101
100.099,100.496,98.933,99.112
100.111,100.502,98.947,99.136
100.111,100.520,98.967,99.149
100.117,100.516,98.970,99.158
100.139,100.542,99.008,99.188
100.137,100.539,99.011,99.199
100.139,100.536,99.023,99.217
100.146,100.539,99.026,99.225
100.157,100.543,99.051,99.236
100.165,100.557,99.069,99.255
100.183,100.574,99.100,99.292
100.175,100.548,99.094,99.290
100.169,100.539,99.104,99.290
100.182,100.549,99.118,99.304
100.179,100.552,99.133,99.318
100.183,100.549,99.146,99.336
100.179,100.554,99.146,99.339
100.188,100.569,99.167,99.356
100.200,100.572,99.179,99.373
100.206,100.563,99.190,99.384
100.195,100.566,99.190,99.390
100.200,100.572,99.213,99.397
100.209,100.569,99.203,99.400
100.206,100.571,99.217,99.400
100.192,100.551,99.203,99.400
100.201,100.563,99.229,99.417
100.208,100.572,99.239,99.426
100.201,100.562,99.239,99.423
100.201,100.543,99.236,99.425
100.197,100.542,99.228,99.417
100.180,100.528,99.223,99.425
100.185,100.519,99.228,99.420
100.171,100.510,99.232,99.414
100.166,100.502,99.226,99.413
100.146,100.493,99.214,99.399
100.151,100.488,99.222,99.396
100.151,100.481,99.216,99.396
100.136,100.467,99.210,99.388
100.124,100.450,99.194,99.368
100.111,100.439,99.182,99.359
100.114,100.435,99.179,99.356
100.104,100.430,99.191,99.362
100.095,100.409,99.185,99.348
100.092,100.407,99.181,99.358
100.089,100.401,99.173,99.350
100.081,100.398,99.176,99.353
100.072,100.389,99.176,99.338
100.073,100.386,99.178,99.344
100.072,100.380,99.171,99.339
100.067,100.369,99.170,99.327
100.056,100.360,99.174,99.329
100.058,100.365,99.182,99.333
100.060,100.359,99.181,99.341
100.053,100.348,99.176,99.335
100.050,100.348,99.179,99.336
100.067,100.351,99.202,99.345
100.049,100.343,99.190,99.338
100.058,100.349,99.202,99.352
100.044,100.339,99.190,99.345
100.043,100.333,99.193,99.347
100.044,100.339,99.200,99.353
100.049,100.336,99.205,99.364
100.050,100.331,99.203,99.364
100.050,100.320,99.207,99.361
100.046,100.313,99.208,99.365
100.050,100.331,99.225,99.380
100.056,100.325,99.231,99.377
100.049,100.320,99.231,99.385
100.050,100.328,99.240,99.388
100.052,100.333,99.245,99.399
100.063,100.334,99.261,99.409
100.049,100.323,99.255,99.406
100.044,100.317,99.260,99.405
100.056,100.327,99.272,99.417
100.055,100.331,99.275,99.416
100.049,100.314,99.268,99.417
100.056,100.323,99.284,99.426
100.056,100.314,99.280,99.425
100.050,100.319,99.287,99.429
100.056,100.325,99.301,99.443
100.064,100.323,99.312,99.449
100.063,100.317,99.312,99.451
100.066,100.320,99.316,99.457
100.058,100.308,99.315,99.454
100.055,100.316,99.318,99.461
100.061,100.316,99.323,99.463
100.061,100.317,99.332,99.464
100.066,100.328,99.344,99.480
100.072,100.322,99.350,99.478
100.067,100.316,99.345,99.487
100.070,100.319,99.352,99.490
100.076,100.323,99.370,99.504
100.079,100.320,99.373,99.500
100.075,100.320,99.373,99.503
100.076,100.320,99.379,99.512
100.072,100.320,99.382,99.512
100.075,100.319,99.393,99.525
100.082,100.327,99.405,99.538
100.079,100.322,99.403,99.529
100.084,100.320,99.414,99.542
100.085,100.330,99.417,99.548
100.078,100.320,99.414,99.542
100.075,100.310,99.420,99.544
100.079,100.317,99.428,99.551
100.087,100.319,99.429,99.556
100.089,100.325,99.438,99.565
100.098,100.323,99.448,99.579
100.105,100.337,99.467,99.586
100.110,100.336,99.478,99.596
100.114,100.340,99.483,99.597
100.117,100.348,99.495,99.612
100.122,100.349,99.496,99.617
100.128,100.354,99.512,99.632
100.121,100.348,99.512,99.628
100.131,100.359,99.518,99.643
100.128,100.354,99.524,99.644
100.124,100.348,99.519,99.641
100.128,100.351,99.529,99.654
100.127,100.348,99.535,99.648
100.124,100.346,99.536,99.649
100.127,100.348,99.533,99.660
100.125,100.349,99.536,99.652
100.122,100.345,99.538,99.655
100.114,100.337,99.539,99.652
100.108,100.331,99.533,99.651
100.108,100.333,99.541,99.661
100.099,100.320,99.533,99.651
100.107,100.319,99.539,99.651
100.111,100.322,99.548,99.660
100.110,100.322,99.551,99.667
100.102,100.310,99.544,99.663
100.110,100.323,99.554,99.673
100.104,100.319,99.553,99.669
100.102,100.311,99.561,99.675
100.110,100.323,99.559,99.683
100.110,100.317,99.573,99.683
100.114,100.314,99.571,99.686
100.107,100.310,99.579,99.684
100.110,100.314,99.579,99.684
100.113,100.319,99.585,99.699
100.108,100.317,99.590,99.698
100.108,100.310,99.593,99.696
100.117,100.319,99.602,99.706
100.117,100.319,99.600,99.709
100.113,100.319,99.603,99.706
100.117,100.316,99.614,99.715
100.116,100.307,99.611,99.709
100.121,100.316,99.611,99.722
100.121,100.327,99.622,99.733
100.119,100.320,99.629,99.730
100.110,100.307,99.615,99.733
100.108,100.308,99.625,99.728
100.121,100.314,99.629,99.741
100.113,100.310,99.641,99.747
100.124,100.305,99.643,99.753
100.128,100.313,99.654,99.757
100.130,100.310,99.652,99.763
100.114,100.301,99.644,99.759
100.133,100.317,99.655,99.763
100.134,100.323,99.664,99.771
100.128,100.316,99.661,99.768
100.143,100.317,99.670,99.780
100.125,100.305,99.667,99.777
100.127,100.302,99.670,99.780
100.124,100.305,99.667,99.777
100.128,100.310,99.681,99.783
100.128,100.314,99.683,99.792
100.131,100.320,99.690,99.792
100.128,100.310,99.692,99.788
100.140,100.314,99.704,99.802
100.136,100.317,99.712,99.799
100.136,100.317,99.713,99.802
100.137,100.314,99.710,99.808
100.131,100.310,99.709,99.814
100.139,100.311,99.716,99.814
100.137,100.323,99.724,99.828
100.136,100.314,99.724,99.828
100.143,100.319,99.725,99.829
100.154,100.319,99.742,99.835
100.145,100.314,99.736,99.832
100.146,100.316,99.736,99.832
100.143,100.316,99.738,99.835
100.134,100.299,99.734,99.832
100.140,100.308,99.741,99.832
100.137,100.317,99.745,99.841
100.143,100.322,99.757,99.847
100.142,100.311,99.753,99.838
100.146,100.311,99.765,99.846
100.140,100.308,99.760,99.847
100.153,100.313,99.763,99.854
100.143,100.308,99.767,99.857
100.136,100.299,99.762,99.852
100.143,100.305,99.773,99.861
100.142,100.308,99.770,99.867
100.146,100.305,99.774,99.872
100.150,100.305,99.782,99.873
100.140,100.301,99.783,99.867
100.142,100.298,99.780,99.872
100.145,100.290,99.783,99.881
100.145,100.299,99.788,99.881
100.140,100.299,99.794,99.876
100.145,100.294,99.786,99.881
100.137,100.293,99.789,99.887
100.136,100.296,99.785,99.883
100.139,100.282,99.788,99.887
100.151,100.291,99.805,99.895
100.143,100.290,99.803,99.886
100.140,100.284,99.805,99.895
100.142,100.291,99.805,99.896
100.146,100.293,99.812,99.899
100.137,100.281,99.820,99.896
100.131,100.278,99.805,99.892
100.136,100.287,99.812,99.907
100.136,100.298,99.817,99.910
100.153,100.298,99.828,99.924
100.142,100.291,99.821,99.919
100.140,100.281,99.823,99.913
100.139,100.272,99.821,99.915
100.157,100.291,99.840,99.930
100.168,100.307,99.852,99.936
100.159,100.308,99.858,99.930
100.151,100.296,99.860,99.930
100.146,100.311,99.857,99.937
100.154,100.305,99.857,99.937
100.159,100.305,99.864,99.947
100.171,100.307,99.872,99.956
100.171,100.311,99.876,99.968
100.169,100.319,99.884,99.963
100.177,100.325,99.895,99.974
100.172,100.313,99.893,99.965
100.169,100.299,99.898,99.966
100.171,100.307,99.898,99.962
100.171,100.320,99.904,99.965
100.180,100.330,99.910,99.977
100.189,100.343,99.915,99.998
100.174,100.333,99.908,99.983
100.172,100.328,99.925,99.982
100.171,100.328,99.918,99.986
100.171,100.317,99.924,99.983
100.183,100.331,99.927,99.997
100.183,100.336,99.928,100.000
100.180,100.328,99.934,100.005
100.177,100.327,99.934,100.009
100.186,100.343,99.947,100.012
100.189,100.340,99.954,100.023
100.192,100.342,99.956,100.026
100.198,100.351,99.968,100.027
100.195,100.352,99.968,100.038
100.204,100.352,99.971,100.046
100.206,100.356,99.976,100.052
100.198,100.345,99.971,100.046
100.195,100.343,99.969,100.049
100.204,100.356,99.977,100.049
100.201,100.352,99.980,100.047
100.204,100.351,99.994,100.058
100.206,100.351,100.002,100.056
100.211,100.368,100.005,100.070
100.220,100.363,100.012,100.081
100.221,100.369,100.012,100.073
100.214,100.362,100.017,100.076
100.220,100.369,100.015,100.070
100.214,100.371,100.018,100.085
100.215,100.369,100.014,100.090
100.223,100.377,100.023,100.093
100.220,100.374,100.026,100.085
100.217,100.374,100.031,100.087
100.217,100.363,100.024,100.082
100.217,100.362,100.034,100.089
100.215,100.360,100.027,100.090
100.221,100.368,100.047,100.104
100.218,100.369,100.040,100.104
100.212,100.383,100.035,100.096
100.212,100.375,100.040,100.096
100.224,100.366,100.052,100.108
100.217,100.366,100.049,100.105
100.223,100.380,100.061,100.114
100.230,100.375,100.052,100.114
100.238,100.378,100.055,100.124
100.226,100.365,100.043,100.114
100.214,100.359,100.041,100.111
100.240,100.375,100.055,100.131
100.230,100.371,100.050,100.117
100.223,100.378,100.056,100.119
100.214,100.349,100.056,100.107
100.220,100.363,100.060,100.119
100.212,100.356,100.055,100.121
100.226,100.359,100.063,100.124
100.220,100.357,100.066,100.127
100.214,100.343,100.066,100.110
100.226,100.352,100.069,100.124
100.229,100.363,100.066,100.128
100.227,100.342,100.060,100.122
100.217,100.336,100.060,100.119
100.215,100.348,100.067,100.117
100.214,100.354,100.076,100.125
100.214,100.348,100.070,100.125
100.217,100.357,100.076,100.130
100.214,100.343,100.060,100.124
100.188,100.323,100.046,100.107
100.186,100.320,100.049,100.108
100.186,100.327,100.055,100.114
100.194,100.320,100.052,100.122
100.191,100.323,100.060,100.122
100.194,100.330,100.063,100.128
100.197,100.305,100.052,100.119
100.212,100.320,100.070,100.128
100.191,100.307,100.058,100.113
100.194,100.301,100.055,100.119
100.191,100.301,100.046,100.114
100.186,100.311,100.052,100.114
100.188,100.308,100.060,100.119
100.191,100.299,100.056,100.116
100.185,100.294,100.058,100.122
100.183,100.293,100.047,100.117
100.192,100.299,100.058,100.125
100.185,100.293,100.056,100.124
100.185,100.302,100.058,100.124
100.182,100.305,100.069,100.124
100.197,100.313,100.070,100.130
100.194,100.301,100.066,100.136
100.188,100.298,100.066,100.130
100.179,100.305,100.072,100.124
100.169,100.290,100.063,100.121
100.171,100.291,100.064,100.127
100.185,100.307,100.075,100.139
100.185,100.304,100.078,100.140
100.177,100.301,100.070,100.133
100.194,100.291,100.082,100.136
100.194,100.296,100.081,100.139
100.195,100.304,100.090,100.140
100.179,100.305,100.084,100.136
100.200,100.313,100.099,100.153
100.186,100.296,100.095,100.139
100.191,100.314,100.093,100.153
100.191,100.296,100.092,100.145
100.198,100.294,100.102,100.154
100.191,100.314,100.098,100.154
100.188,100.304,100.095,100.156
100.191,100.294,100.096,100.151
100.191,100.290,100.095,100.143
100.188,100.285,100.096,100.136
100.195,100.302,100.104,100.148
100.204,100.304,100.101,100.157
100.194,100.308,100.098,100.156
100.191,100.305,100.099,100.142
100.186,100.301,100.099,100.148
100.191,100.299,100.113,100.157
100.198,100.301,100.116,100.163
100.189,100.287,100.104,100.154
100.186,100.288,100.105,100.143
100.198,100.294,100.110,100.146
100.185,100.294,100.101,100.145
100.198,100.299,100.108,100.154
100.192,100.298,100.114,100.151
100.186,100.282,100.107,100.151
100.191,100.279,100.116,100.162
100.188,100.284,100.111,100.153
100.179,100.279,100.104,100.136
100.183,100.284,100.114,100.146
100.188,100.290,100.117,100.154
100.197,100.290,100.125,100.157
100.197,100.287,100.122,100.157
100.186,100.285,100.111,100.150
100.182,100.287,100.105,100.136
100.188,100.276,100.105,100.143
100.194,100.287,100.117,100.160
100.186,100.276,100.114,100.150
100.179,100.264,100.101,100.124
100.180,100.267,100.107,100.137
100.172,100.258,100.093,100.140
100.180,100.253,100.092,100.139
100.174,100.250,100.098,100.142
100.169,100.247,100.095,100.131
100.165,100.249,100.093,100.134
100.162,100.243,100.092,100.133
100.165,100.249,100.096,100.124
100.171,100.255,100.099,100.136
100.157,100.232,100.079,100.119
100.151,100.224,100.085,100.124
100.148,100.220,100.084,100.122
100.150,100.229,100.084,100.121
100.136,100.214,100.072,100.099
100.139,100.201,100.056,100.093
100.146,100.209,100.067,100.104
100.140,100.215,100.073,100.110
100.127,100.195,100.061,100.096
100.121,100.192,100.055,100.093
100.113,100.174,100.047,100.081
100.114,100.174,100.047,100.078
100.124,100.171,100.041,100.078
100.108,100.159,100.035,100.070
100.096,100.142,100.027,100.061
100.087,100.130,100.020,100.055
100.087,100.125,100.006,100.046
100.085,100.116,100.003,100.044
100.072,100.108,99.986,100.034
100.055,100.093,99.971,100.018
100.056,100.089,99.973,100.020
100.044,100.081,99.968,100.018
100.037,100.058,99.948,100.000
100.024,100.043,99.939,99.994
100.005,100.024,99.919,99.974
100.000,100.017,99.915,99.968
99.988,99.997,99.907,99.951
99.963,99.976,99.887,99.933
99.953,99.968,99.872,99.921
99.950,99.954,99.866,99.922
99.933,99.930,99.849,99.904
99.916,99.905,99.825,99.887
99.916,99.898,99.821,99.883
99.892,99.870,99.797,99.860
99.875,99.857,99.783,99.844
99.875,99.844,99.770,99.840
99.860,99.826,99.756,99.821
99.840,99.800,99.738,99.805
99.831,99.780,99.725,99.791
99.817,99.765,99.715,99.783
99.794,99.744,99.692,99.762
99.788,99.731,99.678,99.747
99.771,99.698,99.657,99.725
99.751,99.673,99.629,99.715
99.731,99.644,99.612,99.693
99.698,99.606,99.579,99.663
99.680,99.580,99.556,99.644
99.651,99.536,99.521,99.609
99.635,99.516,99.500,99.596
99.605,99.471,99.466,99.573
99.576,99.437,99.432,99.542
99.557,99.409,99.414,99.516
99.538,99.380,99.390,99.493
99.504,99.341,99.359,99.471
99.500,99.327,99.344,99.455
99.477,99.307,99.319,99.440
99.467,99.297,99.312,99.435
99.474,99.292,99.319,99.438
99.466,99.277,99.309,99.431
99.463,99.277,99.301,99.425
99.477,99.298,99.319,99.440
99.477,99.313,99.329,99.442
99.481,99.321,99.338,99.455
99.493,99.323,99.344,99.458
99.506,99.335,99.362,99.466
99.521,99.362,99.384,99.480
99.533,99.380,99.394,99.500
99.557,99.402,99.425,99.522
99.577,99.431,99.443,99.545
99.599,99.454,99.463,99.559
99.603,99.469,99.478,99.571
99.619,99.496,99.504,99.596
99.643,99.519,99.529,99.614
99.666,99.547,99.553,99.641
99.684,99.573,99.576,99.661
99.710,99.611,99.606,99.684
99.736,99.646,99.640,99.716
99.744,99.657,99.654,99.731
99.779,99.696,99.686,99.760
99.791,99.719,99.709,99.773
99.811,99.748,99.733,99.797
99.835,99.783,99.759,99.825
99.864,99.814,99.788,99.847
99.875,99.841,99.811,99.864
99.905,99.878,99.846,99.896
99.930,99.911,99.878,99.919
99.956,99.939,99.896,99.947
99.965,99.962,99.915,99.963
99.994,99.995,99.947,99.986
100.015,100.023,99.979,100.018
100.027,100.038,100.002,100.027
100.041,100.064,100.011,100.046
100.055,100.087,100.029,100.049
100.073,100.102,100.046,100.075
100.084,100.124,100.069,100.089
100.099,100.146,100.085,100.102
100.122,100.166,100.107,100.128
100.143,100.189,100.125,100.139
100.159,100.200,100.139,100.153
100.171,100.208,100.145,100.157
100.175,100.235,100.171,100.177
100.182,100.252,100.186,100.182
100.195,100.272,100.203,100.200
100.206,100.287,100.217,100.214
100.212,100.293,100.220,100.220
100.238,100.311,100.246,100.241
100.249,100.328,100.261,100.261
100.247,100.333,100.262,100.259
100.252,100.337,100.267,100.258
100.252,100.345,100.264,100.262
100.264,100.354,100.278,100.269
100.264,100.351,100.275,100.270
100.275,100.362,100.298,100.282
100.275,100.366,100.294,100.287
100.278,100.375,100.298,100.293
100.281,100.372,100.298,100.290
100.275,100.369,100.299,100.288
100.275,100.375,100.307,100.287
100.279,100.377,100.316,100.293
100.284,100.388,100.313,100.302
100.288,100.380,100.320,100.298
100.279,100.380,100.317,100.287
100.281,100.377,100.311,100.294
100.270,100.366,100.305,100.287
100.288,100.380,100.319,100.301
100.276,100.374,100.302,100.287
100.272,100.372,100.305,100.284
100.269,100.362,100.301,100.284
100.264,100.363,100.302,100.281
100.261,100.360,100.299,100.278
100.258,100.356,100.301,100.275
100.253,100.359,100.293,100.275
100.253,100.349,100.294,100.279
100.252,100.340,100.282,100.269
100.252,100.337,100.273,100.259
100.241,100.333,100.279,100.258
100.226,100.314,100.258,100.244
100.227,100.313,100.264,100.243
100.221,100.304,100.258,100.240
100.217,100.298,100.258,100.235
100.217,100.288,100.244,100.235
100.203,100.279,100.224,100.215
100.208,100.282,100.229,100.217
100.198,100.269,100.224,100.209
100.189,100.261,100.217,100.204
100.192,100.252,100.220,100.203
100.192,100.253,100.223,100.200
100.175,100.252,100.217,100.198
100.174,100.235,100.198,100.191
100.169,100.229,100.194,100.186
100.160,100.221,100.185,100.168
100.159,100.218,100.175,100.169
100.165,100.220,100.179,100.175
100.172,100.215,100.189,100.179
100.150,100.189,100.174,100.154
100.140,100.189,100.156,100.146
100.140,100.191,100.154,100.150
100.133,100.186,100.148,100.160
100.131,100.182,100.157,100.148
100.125,100.179,100.151,100.145
100.140,100.171,100.153,100.146
100.127,100.172,100.148,100.142
100.153,100.191,100.168,100.156
100.142,100.182,100.163,100.154
100.130,100.163,100.139,100.134
100.113,100.153,100.124,100.116
100.114,100.150,100.131,100.125
100.125,100.160,100.150,100.131
100.105,100.145,100.116,100.111
100.081,100.102,100.092,100.084
100.101,100.136,100.122,100.105
100.119,100.153,100.136,100.125
100.081,100.108,100.099,100.089
100.052,100.075,100.069,100.053
100.069,100.090,100.076,100.078
100.107,100.130,100.121,100.117
100.099,100.121,100.111,100.104
100.050,100.072,100.066,100.058
100.037,100.055,100.053,100.038
100.046,100.052,100.055,100.041
100.052,100.056,100.058,100.044
100.047,100.046,100.058,100.047
100.052,100.060,100.069,100.056
100.069,100.069,100.072,100.066
100.052,100.058,100.067,100.046
100.031,100.027,100.038,100.024
100.008,99.997,100.009,100.003
99.989,99.980,99.994,99.973
99.988,99.982,99.998,99.979
99.989,99.979,99.992,99.992
99.982,99.976,99.988,99.976
99.980,99.977,99.985,99.979
99.986,99.966,99.979,99.982
99.956,99.934,99.962,99.957
99.976,99.951,99.976,99.966
99.965,99.948,99.962,99.968
99.957,99.944,99.954,99.953
99.983,99.973,99.977,99.977
