1,2,3,4
49.774,22.63,33.965,0.598
49.332,22.31,33.574,0.537
49.127,21.938,33.542,0.476
49.127,21.938,33.542,0.476
49.127,21.938,33.542,0.476
58.548,26.157,39.969,0.677
58.493,26.215,39.911,0.612
58.188,26.32,39.662,0.632
59.679,27.396,40.663,0.586
60.33,28.221,41.06,0.5
61.328,29.337,41.777,0.618
62.714,30.727,42.726,0.581
63.823,32.199,43.51,0.601
65.527,33.977,44.644,0.627
66.994,35.695,45.561,0.641
68.437,37.418,46.59,0.636
69.746,38.992,47.43,0.667
70.911,40.497,48.239,0.653
71.915,41.817,48.904,0.693
72.708,42.928,49.413,0.746
73.351,43.774,49.857,0.716
73.839,44.476,50.226,0.697
74.266,44.963,50.508,0.7
74.515,45.403,50.717,0.69
74.692,45.741,50.842,0.717
74.858,45.949,50.949,0.708
74.994,46.161,51.001,0.716
75.055,46.294,51.054,0.703
75.076,46.416,51.106,0.699
75.133,46.507,51.143,0.708
75.211,46.576,51.212,0.714
75.23,46.704,51.221,0.661
75.272,46.736,51.216,0.668
75.307,46.843,51.242,0.67
75.336,46.916,51.27,0.679
75.409,47.009,51.292,0.687
75.439,47.108,51.282,0.673
75.537,47.217,51.32,0.676
75.6,47.372,51.372,0.658
75.717,47.534,51.427,0.655
75.832,47.702,51.456,0.665
75.923,47.911,51.498,0.641
76.054,48.117,51.55,0.642
76.227,48.392,51.643,0.632
76.405,48.647,51.729,0.642
76.593,48.944,51.801,0.641
76.772,49.258,51.91,0.629
76.965,49.554,51.997,0.609
77.177,49.892,52.094,0.618
77.426,50.27,52.187,0.594
77.669,50.594,52.318,0.594
77.899,50.963,52.428,0.592
78.111,51.294,52.533,0.583
78.355,51.678,52.644,0.571
78.583,52.01,52.708,0.557
78.767,52.368,52.785,0.563
78.981,52.654,52.87,0.546
79.172,52.922,52.972,0.543
79.32,53.154,53.015,0.54
79.478,53.348,53.05,0.513
79.576,53.522,53.052,0.525
79.671,53.731,53.072,0.529
79.831,53.885,53.098,0.523
79.878,54.013,53.096,0.504
79.964,54.132,53.085,0.488
79.99,54.224,53.081,0.505
80.014,54.285,53.046,0.5
80.084,54.32,53.029,0.47
80.106,54.34,53.001,0.465
80.133,54.369,52.933,0.484
80.093,54.405,52.898,0.462
80.101,54.382,52.864,0.47
80.098,54.373,52.811,0.456
80.054,54.344,52.748,0.476
80.022,54.309,52.684,0.47
80.009,54.286,52.638,0.452
79.961,54.237,52.568,0.441
79.959,54.195,52.536,0.462
79.913,54.181,52.464,0.465
79.906,54.147,52.391,0.443
79.834,54.117,52.376,0.436
79.823,54.089,52.304,0.43
79.787,54.051,52.266,0.453
79.79,54.062,52.211,0.446
79.782,54.103,52.173,0.418
79.755,54.097,52.129,0.447
79.816,54.123,52.124,0.446
79.843,54.199,52.141,0.435
79.829,54.216,52.08,0.43
79.868,54.341,52.048,0.449
79.951,54.372,52.039,0.438
79.918,54.466,52.028,0.461
80.031,54.61,52.074,0.446
80.113,54.77,52.049,0.45
80.243,54.98,52.139,0.458
80.312,55.107,52.164,0.435
80.36,55.261,52.148,0.456
80.432,55.424,52.197,0.45
80.527,55.554,52.226,0.436
80.6,55.728,52.202,0.433
80.618,55.846,52.255,0.458
80.695,55.971,52.324,0.462
80.707,56.093,52.264,0.471
80.774,56.206,52.24,0.496
80.807,56.264,52.313,0.507
80.801,56.364,52.304,0.468
80.873,56.453,52.338,0.476
80.876,56.58,52.339,0.485
80.876,56.653,52.296,0.516
80.931,56.735,52.338,0.519
80.94,56.833,52.316,0.519
80.936,56.886,52.328,0.548
81.035,56.998,52.33,0.528
80.989,57.05,52.313,0.531
81.07,57.127,52.357,0.537
81.075,57.179,52.336,0.552
81.01,57.259,52.255,0.516
81.017,57.315,52.319,0.507
81.009,57.397,52.231,0.598
80.986,57.397,52.251,0.558
81.116,57.494,52.246,0.511
81.062,57.533,52.197,0.584
81.017,57.568,52.151,0.6
81.075,57.661,52.132,0.566
81.111,57.805,52.126,0.589
81.096,57.787,52.147,0.62
81.145,57.889,52.113,0.575
81.168,57.983,52.121,0.642
81.183,58.06,52.042,0.655
81.192,58.244,52.097,0.667
81.218,58.427,52.205,0.656
81.337,58.562,52.263,0.633
81.429,58.788,52.29,0.757
81.375,58.994,52.254,0.763
81.546,59.222,52.391,0.813
81.543,59.54,52.538,0.835
81.641,59.775,52.664,0.948
81.72,60.094,52.802,0.916
81.854,60.48,53.03,1.033
82.007,60.753,53.11,1.085
82.219,61.136,53.313,1.195
82.323,61.548,53.574,1.318
82.408,61.935,53.813,1.375
82.526,62.364,54.065,1.372
82.727,62.744,54.321,1.55
82.951,63.17,54.587,1.656
83.054,63.589,54.893,1.793
83.127,64,55.228,1.955
83.359,64.426,55.44,2.08
83.565,64.937,55.663,2.18
83.82,65.388,56.046,2.255
84.163,66.089,56.551,2.512
84.412,66.592,56.876,2.782
84.54,67.081,57.272,2.957
84.778,67.465,57.616,3.171
84.821,67.784,57.855,3.256
85.043,68.256,58.125,3.525
85.208,68.64,58.569,3.612
85.338,69.174,58.847,3.888
85.492,69.382,59.023,4.097
85.632,69.913,59.401,4.251
85.793,70.236,59.724,4.536
85.822,70.467,59.959,4.782
85.98,70.848,60.225,4.988
86.113,71.095,60.446,5.121
86.455,71.599,60.893,5.411
86.629,71.931,61.2,5.679
86.7,72.365,61.542,5.862
86.955,72.722,61.845,6.073
86.993,72.983,62.111,6.429
87.198,73.376,62.354,6.726
87.306,73.625,62.688,6.895
87.26,73.854,62.845,7.124
87.531,74.271,62.982,7.425
87.662,74.512,63.374,7.607
88.058,75.311,64.238,8.513
88.345,75.874,64.767,9.109
88.545,76.227,65.056,9.474
88.577,76.477,65.283,9.731
88.62,76.73,65.555,10.081
88.821,77,65.892,10.379
88.914,77.245,66.075,10.751
89.073,77.524,66.397,11.047
89.191,77.831,66.689,11.346
89.25,78.032,66.866,11.633
89.372,78.232,67.12,12.012
89.47,78.534,67.377,12.318
89.638,78.821,67.682,12.677
89.667,79.057,67.981,13.004
89.832,79.276,68.147,13.358
90.001,79.442,68.396,13.724
90.068,79.694,68.649,14.069
90.16,79.961,68.893,14.436
90.21,80.159,69.115,14.81
90.321,80.374,69.391,15.135
90.451,80.602,69.62,15.53
90.585,80.817,69.824,15.849
90.642,81.044,70.035,16.17
90.694,81.204,70.253,16.53
90.79,81.366,70.5,16.919
90.947,81.602,70.695,17.241
90.955,81.749,70.941,17.595
91.052,81.976,71.141,17.918
91.138,82.103,71.339,18.259
91.246,82.338,71.48,18.605
91.316,82.51,71.733,18.956
91.396,82.616,71.941,19.302
91.438,82.785,72.096,19.627
91.498,82.928,72.276,19.984
91.6,83.107,72.479,20.314
91.69,83.301,72.684,20.65
91.737,83.42,72.855,21.01
91.798,83.557,73.03,21.341
91.885,83.734,73.233,21.695
91.936,83.852,73.398,22.047
92.058,84.032,73.602,22.391
92.105,84.227,73.781,22.743
92.184,84.352,73.972,23.082
92.245,84.474,74.104,23.43
92.334,84.631,74.306,23.761
92.371,84.746,74.443,24.133
92.403,84.866,74.628,24.455
92.482,85.007,74.763,24.794
92.575,85.159,74.988,25.153
92.65,85.268,75.133,25.494
92.661,85.382,75.264,25.821
92.697,85.521,75.446,26.205
92.813,85.699,75.635,26.605
92.863,85.802,75.804,26.949
92.935,85.912,75.963,27.272
92.949,86.047,76.105,27.614
93.045,86.183,76.266,27.956
93.088,86.258,76.404,28.287
93.14,86.383,76.547,28.629
93.166,86.51,76.703,28.967
93.23,86.629,76.866,29.311
93.307,86.742,77.02,29.655
93.355,86.85,77.185,29.985
93.396,86.967,77.312,30.333
93.454,87.073,77.464,30.688
93.507,87.177,77.591,31.047
93.575,87.286,77.774,31.375
93.608,87.389,77.907,31.728
93.665,87.509,78.055,32.069
93.701,87.622,78.194,32.405
93.768,87.717,78.331,32.748
93.816,87.811,78.487,33.08
93.86,87.917,78.619,33.405
93.9,88.026,78.751,33.725
93.947,88.097,78.865,34.055
94.009,88.206,79.021,34.383
94.064,88.304,79.147,34.697
94.102,88.388,79.294,35.019
94.141,88.478,79.419,35.333
94.159,88.562,79.53,35.645
94.194,88.641,79.645,35.933
94.264,88.75,79.778,36.263
94.295,88.808,79.883,36.577
94.327,88.878,80.005,36.879
94.386,88.992,80.133,37.192
94.424,89.088,80.266,37.514
94.484,89.183,80.4,37.831
94.496,89.224,80.496,38.133
94.539,89.317,80.621,38.463
94.588,89.415,80.739,38.782
94.635,89.502,80.861,39.105
94.659,89.58,80.972,39.403
94.691,89.65,81.102,39.717
94.737,89.737,81.204,40.031
94.783,89.807,81.334,40.349
94.814,89.879,81.435,40.636
94.867,89.98,81.557,40.945
94.901,90.051,81.673,41.246
94.931,90.125,81.778,41.534
94.978,90.19,81.888,41.833
94.997,90.256,82.002,42.126
95.036,90.331,82.108,42.435
95.055,90.408,82.214,42.726
95.099,90.485,82.32,43.022
95.142,90.553,82.423,43.309
95.164,90.599,82.515,43.597
95.212,90.681,82.637,43.898
95.248,90.753,82.745,44.183
95.277,90.831,82.857,44.476
95.308,90.886,82.95,44.772
95.348,90.97,83.055,45.081
95.386,91.023,83.156,45.367
95.424,91.106,83.264,45.67
95.451,91.165,83.362,45.961
95.483,91.235,83.464,46.249
95.522,91.298,83.571,46.538
95.547,91.362,83.672,46.825
95.583,91.432,83.775,47.112
95.619,91.504,83.884,47.411
95.65,91.562,83.978,47.685
95.694,91.643,84.074,47.955
95.721,91.693,84.157,48.215
95.74,91.742,84.254,48.47
95.755,91.785,84.328,48.714
95.775,91.84,84.396,48.961
95.81,91.895,84.491,49.217
95.831,91.939,84.567,49.46
95.85,92.001,84.653,49.712
95.88,92.043,84.738,49.959
95.909,92.097,84.821,50.206
95.944,92.155,84.906,50.446
95.973,92.203,84.985,50.691
95.975,92.245,85.065,50.932
96.001,92.302,85.144,51.172
96.019,92.346,85.214,51.41
96.056,92.409,85.313,51.666
96.091,92.453,85.396,51.915
96.12,92.505,85.474,52.158
96.133,92.554,85.562,52.408
96.158,92.596,85.64,52.646
96.194,92.653,85.725,52.899
96.22,92.699,85.805,53.152
96.24,92.755,85.898,53.397
96.268,92.819,85.976,53.636
96.28,92.856,86.057,53.885
96.324,92.912,86.14,54.129
96.341,92.958,86.212,54.369
96.365,93.008,86.293,54.596
96.39,93.047,86.374,54.829
96.408,93.095,86.45,55.07
96.436,93.143,86.519,55.299
96.449,93.179,86.592,55.528
96.481,93.228,86.667,55.762
96.495,93.268,86.754,55.986
96.526,93.32,86.83,56.212
96.558,93.367,86.893,56.445
96.579,93.414,86.974,56.674
96.59,93.459,87.041,56.889
96.622,93.503,87.112,57.121
96.637,93.542,87.187,57.356
96.669,93.585,87.262,57.581
96.683,93.625,87.331,57.806
96.713,93.674,87.402,58.04
96.739,93.726,87.474,58.275
96.759,93.767,87.546,58.495
96.788,93.813,87.63,58.727
96.797,93.846,87.686,58.942
96.823,93.88,87.762,59.164
96.844,93.932,87.846,59.395
96.864,93.982,87.917,59.615
96.89,94.017,87.978,59.819
96.93,94.095,88.101,60.172
96.977,94.167,88.24,60.538
96.999,94.2,88.298,60.735
97.028,94.244,88.367,60.939
97.041,94.286,88.429,61.128
97.058,94.319,88.49,61.322
97.081,94.354,88.547,61.513
97.108,94.403,88.628,61.713
97.127,94.443,88.683,61.903
97.134,94.47,88.734,62.088
97.154,94.495,88.797,62.277
97.166,94.534,88.857,62.474
97.186,94.572,88.922,62.668
97.209,94.618,88.985,62.857
97.215,94.63,89.021,63.04
97.24,94.658,89.088,63.234
97.253,94.705,89.154,63.429
97.266,94.742,89.212,63.625
97.292,94.778,89.265,63.809
97.301,94.798,89.314,64.008
97.319,94.829,89.372,64.189
97.333,94.858,89.423,64.377
97.34,94.891,89.479,64.558
97.356,94.926,89.525,64.751
97.363,94.942,89.58,64.923
97.382,94.965,89.621,65.092
97.406,95,89.682,65.276
97.404,95.016,89.728,65.445
97.409,95.041,89.772,65.611
97.418,95.065,89.819,65.79
97.433,95.082,89.87,65.961
97.452,95.122,89.915,66.13
97.456,95.143,89.969,66.304
97.47,95.16,90.015,66.47
97.481,95.181,90.057,66.632
97.488,95.209,90.102,66.803
97.507,95.226,90.147,66.978
97.517,95.264,90.205,67.148
97.53,95.294,90.245,67.314
97.548,95.317,90.297,67.487
97.557,95.341,90.338,67.656
97.568,95.37,90.395,67.83
97.577,95.392,90.436,67.998
97.588,95.419,90.488,68.164
97.6,95.439,90.524,68.329
97.62,95.471,90.588,68.513
97.632,95.496,90.631,68.672
97.644,95.522,90.674,68.842
97.652,95.552,90.72,69
97.665,95.564,90.767,69.159
97.678,95.592,90.82,69.322
97.696,95.615,90.868,69.476
97.704,95.638,90.91,69.635
97.708,95.659,90.952,69.789
97.713,95.679,90.988,69.936
97.745,95.711,91.04,70.099
97.751,95.737,91.087,70.251
97.758,95.755,91.133,70.403
97.777,95.787,91.18,70.564
97.794,95.813,91.222,70.709
97.807,95.837,91.269,70.865
97.809,95.853,91.309,71.008
97.823,95.879,91.339,71.156
97.844,95.911,91.399,71.317
97.855,95.93,91.438,71.463
97.855,95.938,91.476,71.606
97.873,95.976,91.53,71.764
97.894,96.004,91.574,71.912
97.9,96.021,91.606,72.052
97.913,96.049,91.656,72.206
97.923,96.072,91.707,72.357
97.934,96.097,91.75,72.505
97.94,96.115,91.786,72.641
97.955,96.136,91.829,72.792
97.966,96.156,91.869,72.931
97.975,96.176,91.899,73.062
97.997,96.208,91.949,73.209
98.007,96.228,91.988,73.349
98.021,96.251,92.024,73.489
98.035,96.274,92.067,73.63
98.047,96.294,92.11,73.767
98.055,96.326,92.143,73.901
98.065,96.336,92.184,74.036
98.083,96.367,92.223,74.174
98.096,96.397,92.271,74.318
98.102,96.402,92.305,74.446
98.119,96.434,92.345,74.594
98.122,96.454,92.39,74.734
98.131,96.471,92.43,74.872
98.154,96.498,92.468,75.015
98.164,96.524,92.517,75.165
98.174,96.545,92.561,75.305
98.177,96.561,92.603,75.45
98.187,96.584,92.638,75.584
98.206,96.608,92.682,75.725
98.21,96.626,92.725,75.859
98.233,96.652,92.766,76.004
98.244,96.684,92.815,76.137
98.26,96.71,92.859,76.274
98.279,96.738,92.897,76.396
98.285,96.751,92.931,76.524
98.294,96.773,92.961,76.639
98.302,96.794,93.001,76.755
98.306,96.803,93.028,76.868
98.325,96.831,93.069,76.981
98.325,96.843,93.097,77.09
98.334,96.86,93.126,77.205
98.346,96.872,93.159,77.31
98.349,96.887,93.192,77.415
98.357,96.896,93.211,77.519
98.363,96.915,93.246,77.629
98.37,96.927,93.277,77.734
98.376,96.944,93.307,77.847
98.376,96.957,93.338,77.953
98.392,96.976,93.373,78.065
98.399,96.994,93.402,78.178
98.395,96.999,93.42,78.276
98.402,97.015,93.456,78.387
98.419,97.035,93.492,78.497
98.428,97.052,93.524,78.607
98.433,97.061,93.542,78.709
98.439,97.084,93.584,78.825
98.448,97.101,93.614,78.932
98.451,97.108,93.642,79.033
98.459,97.13,93.678,79.143
98.471,97.147,93.715,79.256
98.48,97.166,93.742,79.353
98.489,97.185,93.779,79.462
98.5,97.2,93.811,79.572
98.512,97.221,93.842,79.684
98.514,97.234,93.875,79.793
98.521,97.246,93.907,79.893
98.541,97.269,93.938,80.009
98.546,97.282,93.962,80.116
98.55,97.298,93.993,80.223
98.561,97.314,94.026,80.327
98.56,97.327,94.049,80.432
98.573,97.348,94.083,80.545
98.586,97.365,94.118,80.647
98.602,97.38,94.153,80.757
98.607,97.395,94.18,80.861
98.615,97.408,94.205,80.957
98.625,97.426,94.24,81.065
98.633,97.45,94.275,81.171
98.642,97.467,94.299,81.268
98.653,97.487,94.33,81.377
98.66,97.498,94.357,81.468
98.654,97.501,94.376,81.557
98.669,97.533,94.415,81.662
98.68,97.546,94.444,81.755
98.683,97.554,94.47,81.851
98.697,97.577,94.513,81.949
98.698,97.588,94.527,82.04
98.709,97.597,94.551,82.138
98.72,97.618,94.582,82.239
98.724,97.627,94.609,82.32
98.729,97.643,94.635,82.422
98.734,97.653,94.672,82.512
98.738,97.664,94.687,82.599
98.746,97.676,94.714,82.692
98.761,97.693,94.743,82.79
98.773,97.714,94.785,82.89
98.778,97.723,94.803,82.98
98.776,97.734,94.827,83.072
98.781,97.745,94.855,83.16
98.807,97.765,94.891,83.258
98.799,97.774,94.914,83.339
98.802,97.777,94.936,83.423
98.822,97.797,94.969,83.527
98.827,97.816,94.994,83.615
98.825,97.82,95.009,83.693
98.828,97.832,95.039,83.783
98.828,97.838,95.061,83.855
98.836,97.849,95.088,83.936
98.84,97.864,95.114,84.021
98.854,97.881,95.145,84.116
98.856,97.894,95.158,84.203
98.857,97.897,95.18,84.279
98.859,97.903,95.203,84.363
98.868,97.913,95.232,84.445
98.865,97.925,95.258,84.532
98.875,97.929,95.271,84.613
98.874,97.942,95.29,84.692
98.88,97.957,95.32,84.776
98.894,97.975,95.354,84.86
98.891,97.981,95.381,84.94
98.888,97.987,95.395,85.025
98.901,97.997,95.419,85.107
98.906,98.012,95.453,85.187
98.917,98.03,95.473,85.274
98.914,98.029,95.488,85.353
98.914,98.033,95.514,85.425
98.912,98.038,95.526,85.493
98.912,98.035,95.543,85.565
98.917,98.053,95.567,85.643
98.911,98.055,95.575,85.71
98.923,98.067,95.602,85.78
98.927,98.076,95.622,85.86
98.926,98.079,95.633,85.931
98.936,98.097,95.671,86.009
98.94,98.103,95.697,86.086
98.944,98.111,95.715,86.156
98.947,98.12,95.734,86.23
98.956,98.132,95.758,86.311
98.978,98.157,95.79,86.394
98.97,98.163,95.81,86.465
98.975,98.187,95.836,86.545
98.978,98.195,95.857,86.62
98.991,98.212,95.886,86.702
99.005,98.241,95.917,86.78
99.017,98.262,95.949,86.862
99.022,98.259,95.969,86.938
99.028,98.279,95.988,87.012
99.022,98.282,95.999,87.073
99.039,98.299,96.036,87.152
99.057,98.311,96.06,87.225
99.068,98.337,96.097,87.314
99.074,98.355,96.115,87.384
99.084,98.366,96.138,87.453
99.088,98.373,96.159,87.529
99.091,98.383,96.176,87.598
99.095,98.395,96.202,87.672
99.104,98.412,96.231,87.746
99.117,98.434,96.262,87.817
99.126,98.451,96.289,87.898
99.146,98.482,96.324,87.984
99.146,98.488,96.339,88.045
99.147,98.5,96.362,88.112
99.142,98.508,96.387,88.182
99.168,98.532,96.42,88.263
99.165,98.543,96.429,88.318
99.174,98.549,96.445,88.388
99.19,98.572,96.477,88.475
99.2,98.589,96.515,88.551
99.214,98.601,96.532,88.615
99.21,98.613,96.548,88.676
99.216,98.624,96.573,88.747
99.225,98.643,96.599,88.821
99.236,98.659,96.617,88.889
99.24,98.659,96.634,88.956
99.243,98.659,96.652,89.014
99.254,98.676,96.663,89.07
99.268,98.692,96.686,89.137
99.263,98.698,96.713,89.2
99.263,98.717,96.725,89.253
99.281,98.723,96.75,89.316
99.29,98.73,96.773,89.377
99.294,98.75,96.797,89.445
99.301,98.769,96.814,89.51
99.3,98.772,96.823,89.561
99.306,98.778,96.851,89.626
99.309,98.784,96.863,89.69
99.31,98.799,96.892,89.749
99.315,98.811,96.906,89.807
99.323,98.813,96.925,89.868
99.338,98.824,96.944,89.928
99.344,98.836,96.965,89.998
99.348,98.849,96.977,90.057
99.35,98.865,97.006,90.114
99.347,98.857,97.015,90.164
99.35,98.874,97.044,90.225
99.347,98.872,97.043,90.285
99.356,98.878,97.069,90.34
99.365,98.897,97.09,90.402
99.352,98.889,97.093,90.443
99.38,98.907,97.116,90.509
99.38,98.909,97.128,90.564
99.384,98.914,97.145,90.62
99.373,98.909,97.154,90.674
99.368,98.907,97.168,90.717
99.391,98.932,97.203,90.779
99.391,98.93,97.208,90.833
99.39,98.952,97.223,90.892
99.388,98.936,97.227,90.935
99.391,98.943,97.247,90.984
99.394,98.952,97.255,91.04
99.399,98.956,97.27,91.089
99.403,98.967,97.293,91.148
99.396,98.961,97.296,91.196
99.417,98.982,97.331,91.264
99.409,98.988,97.333,91.304
99.417,98.975,97.336,91.348
99.411,98.987,97.342,91.399
99.408,98.987,97.354,91.451
99.402,98.984,97.366,91.49
99.411,98.982,97.383,91.541
99.42,98.994,97.397,91.595
99.414,98.999,97.404,91.64
99.402,98.985,97.406,91.667
99.391,98.978,97.4,91.705
99.4,98.982,97.421,91.759
99.4,98.994,97.435,91.803
99.391,98.988,97.437,91.847
99.396,98.988,97.455,91.908
99.388,98.978,97.458,91.939
99.411,98.991,97.478,91.994
99.394,98.991,97.472,92.026
99.428,98.996,97.505,92.079
99.406,98.994,97.522,92.128
99.406,98.999,97.527,92.175
99.408,99.002,97.534,92.221
99.417,99.014,97.546,92.273
99.409,99.017,97.56,92.317
99.414,99.023,97.583,92.36
99.426,99.039,97.606,92.413
99.42,99.036,97.62,92.458
99.426,99.046,97.635,92.517
99.434,99.059,97.655,92.572
99.451,99.077,97.678,92.619
99.448,99.08,97.687,92.665
99.454,99.088,97.702,92.711
99.454,99.095,97.708,92.755
99.455,99.106,97.729,92.799
99.469,99.115,97.752,92.86
99.481,99.12,97.772,92.908
99.495,99.133,97.804,92.961
99.495,99.15,97.813,93.013
99.495,99.156,97.823,93.051
99.496,99.167,97.835,93.108
99.506,99.179,97.849,93.153
99.495,99.182,97.862,93.193
99.527,99.207,97.891,93.259
99.529,99.213,97.896,93.306
99.524,99.216,97.917,93.352
99.55,99.229,97.934,93.404
99.551,99.24,97.954,93.44
99.554,99.246,97.974,93.492
99.55,99.252,97.987,93.529
99.561,99.265,97.997,93.587
99.554,99.265,98.004,93.616
99.562,99.271,98.021,93.668
99.571,99.277,98.036,93.71
99.582,99.304,98.064,93.764
99.586,99.309,98.082,93.808
99.593,99.323,98.099,93.86
99.599,99.323,98.111,93.9
99.596,99.318,98.111,93.942
99.602,99.329,98.125,93.991
99.609,99.338,98.138,94.032
99.611,99.344,98.155,94.066
99.619,99.356,98.172,94.106
99.632,99.365,98.196,94.153
99.64,99.37,98.207,94.197
99.638,99.376,98.219,94.229
99.637,99.374,98.227,94.27
99.644,99.393,98.244,94.318
99.638,99.393,98.257,94.356
99.64,99.394,98.259,94.385
99.654,99.405,98.274,94.426
99.661,99.419,98.285,94.467
99.661,99.426,98.305,94.502
99.677,99.426,98.318,94.547
99.669,99.428,98.329,94.579
99.664,99.431,98.331,94.62
99.667,99.429,98.343,94.655
99.675,99.437,98.358,94.699
99.67,99.442,98.372,94.736
99.666,99.442,98.373,94.754
99.672,99.446,98.381,94.794
99.669,99.44,98.384,94.824
99.68,99.445,98.398,94.861
99.683,99.446,98.409,94.904
99.67,99.434,98.421,94.945
99.667,99.432,98.431,94.98
99.68,99.428,98.439,95.006
99.677,99.434,98.441,95.042
99.683,99.438,98.453,95.07
99.658,99.431,98.454,95.091
99.658,99.423,98.453,95.12
99.655,99.42,98.46,95.149
99.657,99.42,98.466,95.19
99.651,99.417,98.473,95.215
99.652,99.422,98.479,95.235
99.66,99.422,98.489,95.274
99.651,99.414,98.491,95.297
99.634,99.396,98.491,95.308
99.626,99.39,98.483,95.335
99.617,99.377,98.477,95.352
99.62,99.368,98.483,95.378
99.62,99.368,98.486,95.407
99.609,99.358,98.477,95.421
99.591,99.345,98.474,95.442
99.573,99.324,98.47,95.457
99.553,99.304,98.46,95.468
99.548,99.287,98.453,95.482
99.53,99.261,98.439,95.488
99.518,99.236,98.424,95.497
99.504,99.219,98.413,95.514
99.486,99.196,98.407,95.518
99.467,99.173,98.395,95.534
99.454,99.15,98.383,95.544
99.414,99.103,98.347,95.532
99.385,99.071,98.329,95.529
99.359,99.033,98.302,95.532
99.336,99.001,98.28,95.535
99.307,98.961,98.26,95.529
99.283,98.932,98.241,95.534
99.261,98.9,98.227,95.534
99.222,98.845,98.187,95.512
99.193,98.811,98.158,95.509
99.165,98.778,98.14,95.511
99.132,98.734,98.106,95.497
99.11,98.695,98.079,95.494
99.078,98.657,98.047,95.49
99.049,98.608,98.013,95.488
99.014,98.566,97.977,95.477
98.984,98.529,97.943,95.462
98.943,98.466,97.91,95.439
98.909,98.421,97.871,95.428
98.862,98.36,97.826,95.407
98.82,98.308,97.791,95.39
98.775,98.25,97.749,95.364
98.717,98.166,97.678,95.313
98.66,98.088,97.626,95.28
98.604,98.018,97.569,95.244
98.55,97.942,97.508,95.209
98.489,97.859,97.453,95.157
98.422,97.772,97.386,95.107
98.361,97.693,97.327,95.062
98.314,97.62,97.269,95.018
98.257,97.546,97.215,94.981
98.218,97.502,97.18,94.966
98.189,97.459,97.151,94.955
98.172,97.438,97.147,94.966
98.17,97.429,97.144,94.984
98.158,97.415,97.137,94.992
98.158,97.427,97.147,95.029
98.184,97.455,97.173,95.081
98.201,97.482,97.208,95.122
98.233,97.522,97.243,95.18
98.267,97.571,97.293,95.25
98.291,97.609,97.33,95.303
98.338,97.665,97.383,95.386
98.375,97.729,97.433,95.457
98.421,97.784,97.484,95.535
98.466,97.852,97.536,95.621
98.514,97.914,97.603,95.697
98.564,97.98,97.658,95.767
98.61,98.048,97.711,95.85
98.66,98.123,97.778,95.93
98.711,98.19,97.844,96.017
98.77,98.271,97.91,96.107
98.825,98.352,97.977,96.199
98.88,98.425,98.058,96.286
98.924,98.499,98.119,96.368
98.997,98.587,98.192,96.469
99.049,98.668,98.265,96.558
99.103,98.747,98.338,96.645
99.174,98.839,98.424,96.748
99.243,98.93,98.505,96.858
99.289,99.007,98.566,96.942
99.356,99.095,98.643,97.04
99.42,99.182,98.721,97.141
99.471,99.257,98.795,97.231
99.521,99.333,98.857,97.313
99.582,99.406,98.926,97.406
99.631,99.472,98.988,97.485
99.68,99.539,99.052,97.563
99.719,99.6,99.112,97.644
99.768,99.666,99.167,97.714
99.818,99.738,99.229,97.791
99.864,99.789,99.281,97.868
99.904,99.85,99.333,97.935
99.939,99.907,99.387,98.013
99.98,99.962,99.44,98.082
100.008,100.009,99.486,98.145
100.034,100.049,99.524,98.198
100.075,100.101,99.571,98.264
100.101,100.133,99.611,98.323
100.133,100.186,99.654,98.39
100.172,100.227,99.693,98.45
100.191,100.255,99.722,98.494
100.227,100.302,99.771,98.558
100.246,100.327,99.814,98.605
100.256,100.352,99.829,98.65
100.279,100.388,99.864,98.692
100.294,100.41,99.89,98.74
100.319,100.43,99.918,98.79
100.323,100.455,99.939,98.824
100.343,100.481,99.971,98.871
100.36,100.49,99.988,98.912
100.372,100.499,100.012,98.943
100.374,100.514,100.02,98.973
100.385,100.533,100.043,99.004
100.386,100.536,100.047,99.033
100.395,100.543,100.075,99.063
100.401,100.555,100.084,99.094
100.409,100.571,100.101,99.129
100.403,100.568,100.108,99.155
100.407,100.575,100.113,99.178
100.407,100.565,100.122,99.193
100.414,100.577,100.139,99.222
100.41,100.578,100.137,99.237
100.406,100.577,100.142,99.26
100.395,100.569,100.137,99.277
100.403,100.574,100.15,99.298
100.401,100.565,100.153,99.326
100.391,100.554,100.146,99.335
100.386,100.554,100.156,99.352
100.389,100.554,100.162,99.38
100.378,100.536,100.142,99.388
100.378,100.533,100.156,99.403
100.368,100.531,100.159,99.417
100.356,100.519,100.154,99.429
100.345,100.502,100.142,99.438
100.342,100.496,100.14,99.451
100.34,100.488,100.139,99.46
100.334,100.484,100.142,99.467
100.319,100.467,100.13,99.477
100.314,100.452,100.122,99.487
100.313,100.45,100.127,99.496
100.305,100.439,100.116,99.513
100.296,100.42,100.111,99.515
100.294,100.412,100.116,99.541
100.291,100.414,100.125,99.551
100.279,100.395,100.11,99.554
100.27,100.38,100.101,99.551
100.256,100.363,100.099,99.564
100.25,100.363,100.105,99.585
100.253,100.359,100.111,99.594
100.253,100.351,100.098,99.599
100.232,100.334,100.087,99.597
100.229,100.317,100.081,99.599
100.232,100.327,100.087,99.625
100.215,100.322,100.076,99.628
100.217,100.314,100.076,99.651
100.211,100.302,100.076,99.657
100.2,100.305,100.092,99.667
100.201,100.287,100.082,99.683
100.211,100.299,100.095,99.713
100.206,100.304,100.098,99.727
100.183,100.27,100.084,99.728
100.162,100.253,100.072,99.727
100.165,100.256,100.082,99.753
100.179,100.262,100.101,99.779
100.156,100.246,100.082,99.777
100.127,100.211,100.049,99.762
100.146,100.23,100.078,99.806
100.151,100.246,100.092,99.834
100.136,100.211,100.073,99.828
100.107,100.182,100.055,99.826
100.113,100.198,100.069,99.841
100.137,100.224,100.096,99.875
100.136,100.218,100.093,99.898
100.087,100.169,100.044,99.854
100.069,100.142,100.017,99.841
100.073,100.14,100.026,99.864
100.069,100.15,100.047,99.884
100.079,100.148,100.046,99.908
100.098,100.16,100.076,99.94
100.09,100.15,100.075,99.951
100.069,100.137,100.063,99.957
100.04,100.111,100.041,99.934
100.024,100.079,100.018,99.927
100.011,100.055,100.006,99.919
99.994,100.046,100,99.915
100.003,100.046,100.005,99.948
99.994,100.041,100.003,99.95
99.982,100.029,99.985,99.947
99.965,100.024,99.995,99.96
99.959,100.003,99.979,99.95
99.945,99.998,99.979,99.953
99.96,99.986,99.98,99.956
99.939,99.976,99.957,99.962
99.957,99.974,99.982,99.989
