2.000,4.000,5.000,1.000,3.000
51.955,32.489,11.911,10.020,-0.117
52.078,32.411,11.874,9.886,-0.008
52.489,32.549,11.797,9.885,-0.078
52.489,32.549,11.797,9.885,-0.078
52.489,32.549,11.797,9.885,-0.078
65.834,40.244,14.558,12.003,-0.044
66.414,40.482,14.474,12.103,-0.047
66.318,40.273,14.427,11.923,-0.002
68.021,41.191,14.661,12.206,-0.015
68.343,41.324,14.687,12.279,-0.095
68.744,41.667,14.761,12.228,-0.050
69.550,42.043,14.844,12.364,-0.066
69.788,42.114,14.891,12.375,-0.151
70.393,42.516,14.966,12.469,0.017
70.856,42.810,15.053,12.540,-0.005
71.280,43.192,15.192,12.654,-0.046
71.710,43.486,15.303,12.862,0.015
72.055,43.816,15.419,12.987,-0.040
72.429,44.234,15.582,13.136,-0.026
72.850,44.633,15.750,13.304,-0.002
73.137,44.975,15.923,13.495,-0.024
73.534,45.415,16.100,13.675,-0.020
73.859,45.786,16.296,13.885,0.003
74.301,46.225,16.528,14.084,-0.032
74.634,46.658,16.690,14.314,-0.018
74.919,47.067,16.914,14.522,-0.015
75.247,47.501,17.143,14.734,-0.031
75.583,47.972,17.403,14.998,-0.027
75.926,48.395,17.622,15.227,0.000
76.295,48.842,17.882,15.462,-0.003
76.656,49.318,18.144,15.680,0.005
76.964,49.744,18.358,15.926,-0.027
77.226,50.130,18.611,16.159,-0.063
77.583,50.563,18.845,16.377,-0.009
77.907,50.980,19.077,16.623,-0.015
78.206,51.366,19.318,16.849,-0.079
78.447,51.729,19.531,17.076,-0.046
78.705,52.132,19.785,17.268,0.008
79.019,52.492,20.009,17.453,0.017
79.280,52.843,20.200,17.657,0.005
79.498,53.151,20.403,17.825,-0.006
79.720,53.433,20.605,17.998,0.002
79.944,53.709,20.799,18.149,0.012
80.159,53.993,20.970,18.333,-0.017
80.350,54.240,21.121,18.468,-0.021
80.501,54.460,21.274,18.594,-0.017
80.679,54.675,21.408,18.716,0.026
80.840,54.869,21.552,18.855,0.017
80.969,55.060,21.669,18.935,0.009
81.100,55.238,21.791,19.032,0.031
81.223,55.383,21.887,19.130,-0.014
81.340,55.522,21.986,19.220,0.003
81.430,55.647,22.061,19.295,0.006
81.548,55.759,22.154,19.362,0.015
81.621,55.870,22.223,19.415,0.003
81.657,55.960,22.269,19.469,-0.027
81.764,56.038,22.328,19.496,-0.014
81.831,56.129,22.363,19.548,-0.018
81.917,56.180,22.372,19.563,-0.002
81.918,56.218,22.401,19.577,-0.011
81.958,56.244,22.386,19.563,-0.027
81.992,56.261,22.394,19.565,-0.037
82.045,56.294,22.365,19.560,-0.020
82.059,56.273,22.360,19.550,-0.021
82.091,56.299,22.308,19.524,-0.047
82.100,56.264,22.278,19.472,0.003
82.109,56.224,22.223,19.437,-0.020
82.086,56.213,22.179,19.363,-0.040
82.076,56.183,22.096,19.328,-0.044
82.094,56.137,22.021,19.258,0.031
82.104,56.071,21.930,19.255,-0.002
82.085,56.033,21.861,19.128,-0.017
82.072,55.969,21.796,19.052,-0.021
82.047,55.904,21.701,18.990,0.023
82.033,55.817,21.593,18.922,-0.020
82.042,55.760,21.504,18.829,-0.018
82.028,55.713,21.417,18.735,0.024
81.998,55.623,21.341,18.684,-0.035
82.005,55.582,21.228,18.593,0.006
81.979,55.475,21.124,18.472,-0.014
82.030,55.418,21.036,18.411,-0.018
82.013,55.379,20.949,18.292,-0.006
81.989,55.290,20.822,18.217,0.003
81.958,55.194,20.712,18.112,-0.040
81.961,55.112,20.613,18.005,-0.053
81.944,55.086,20.528,17.892,0.006
81.963,55.014,20.407,17.853,-0.038
82.027,54.941,20.341,17.749,-0.027
81.993,54.861,20.236,17.667,-0.011
82.050,54.840,20.171,17.583,-0.020
82.057,54.788,20.009,17.461,-0.067
82.054,54.729,19.963,17.360,-0.052
82.072,54.686,19.849,17.328,-0.020
82.097,54.652,19.759,17.261,0.008
82.118,54.596,19.720,17.189,-0.047
82.089,54.539,19.580,17.085,0.002
82.144,54.477,19.537,17.021,0.005
82.176,54.443,19.441,16.953,-0.060
82.144,54.384,19.382,16.870,-0.032
82.172,54.364,19.301,16.792,-0.009
82.176,54.320,19.255,16.739,-0.035
82.207,54.268,19.194,16.695,-0.081
82.210,54.276,19.109,16.594,-0.032
82.254,54.239,19.051,16.553,0.026
82.277,54.138,18.991,16.508,-0.017
82.294,54.156,18.973,16.464,-0.061
82.338,54.128,18.872,16.380,-0.006
82.292,54.120,18.831,16.342,0.011
82.295,54.047,18.802,16.264,-0.026
82.317,54.082,18.738,16.234,-0.038
82.350,53.999,18.718,16.194,-0.034
82.353,53.947,18.643,16.145,-0.044
82.347,54.008,18.625,16.075,0.029
82.401,53.983,18.576,16.045,0.009
82.428,54.007,18.527,15.993,0.000
82.396,53.952,18.457,15.956,-0.006
82.416,53.938,18.405,15.881,-0.017
82.443,53.873,18.336,15.840,-0.018
82.390,53.873,18.349,15.794,0.087
82.375,53.833,18.359,15.755,0.018
82.431,53.894,18.307,15.820,-0.079
82.437,53.854,18.251,15.662,-0.047
82.449,53.818,18.269,15.688,0.038
82.555,53.874,18.202,15.686,-0.060
82.587,53.932,18.184,15.625,-0.021
82.614,53.876,18.169,15.558,-0.064
82.555,53.893,18.155,15.546,-0.108
82.565,53.844,18.105,15.439,0.037
82.605,53.864,18.086,15.466,-0.070
82.573,53.917,18.051,15.417,-0.069
82.640,53.882,18.050,15.372,-0.064
82.631,53.928,18.033,15.399,-0.142
82.697,53.889,17.998,15.353,-0.020
82.574,53.851,17.960,15.279,-0.015
82.806,53.928,17.955,15.323,-0.069
82.770,53.819,17.958,15.222,-0.018
82.680,53.889,17.909,15.146,-0.009
82.726,53.879,17.915,15.143,0.027
82.785,53.947,17.886,15.140,0.032
82.730,53.886,17.882,15.094,-0.067
82.704,53.836,17.816,15.073,-0.020
82.813,53.906,17.804,15.044,-0.114
82.918,53.860,17.789,14.972,0.053
82.787,53.857,17.780,15.045,-0.087
82.779,53.831,17.705,14.928,0.017
82.835,53.787,17.612,14.909,-0.027
82.759,53.825,17.705,15.015,-0.043
82.884,53.857,17.734,14.851,-0.027
82.890,53.787,17.674,14.775,-0.032
82.916,53.886,17.682,14.793,-0.092
83.073,53.934,17.703,14.851,-0.017
83.136,54.015,17.680,14.699,-0.128
82.883,53.941,17.656,14.659,0.032
83.047,53.859,17.583,14.647,-0.185
83.008,54.008,17.575,14.639,-0.084
83.057,53.972,17.488,14.575,0.061
83.052,54.053,17.471,14.633,-0.047
83.018,54.057,17.514,14.568,-0.044
83.195,54.181,17.603,14.510,-0.136
83.041,54.053,17.445,14.536,-0.121
83.170,54.161,17.497,14.537,-0.060
83.250,54.140,17.531,14.603,-0.137
83.133,54.059,17.389,14.569,-0.003
83.054,54.182,17.429,14.452,-0.087
83.035,54.137,17.523,14.502,-0.122
83.336,54.291,17.612,14.438,-0.110
83.363,54.295,17.540,14.478,-0.012
83.311,54.300,17.545,14.511,-0.067
83.319,54.355,17.555,14.471,-0.108
83.354,54.292,17.592,14.417,-0.034
83.333,54.436,17.564,14.420,-0.069
83.459,54.462,17.606,14.537,-0.026
83.380,54.510,17.604,14.461,-0.107
83.412,54.597,17.726,14.354,-0.046
83.479,54.645,17.691,14.326,-0.113
83.585,54.817,17.787,14.433,-0.055
83.701,54.967,17.886,14.384,-0.099
83.809,55.070,17.857,14.522,-0.093
83.723,55.064,17.874,14.510,0.002
83.702,55.136,17.950,14.508,-0.099
83.749,55.215,18.019,14.510,-0.073
83.788,55.273,18.011,14.555,0.085
83.939,55.382,18.060,14.626,-0.002
83.994,55.450,18.074,14.557,-0.003
83.954,55.508,18.111,14.609,0.000
84.058,55.630,18.185,14.597,0.005
84.035,55.676,18.205,14.595,0.003
84.207,55.846,18.275,14.632,-0.061
84.138,55.872,18.292,14.699,0.006
84.183,55.966,18.404,14.714,-0.108
84.230,56.067,18.475,14.728,-0.018
84.288,56.212,18.515,14.754,-0.046
84.360,56.299,18.584,14.775,0.012
84.416,56.355,18.657,14.804,0.012
84.401,56.485,18.709,14.868,0.061
84.518,56.595,18.756,14.873,-0.006
84.575,56.702,18.858,14.944,-0.046
84.589,56.807,18.948,14.995,-0.018
84.598,56.950,19.028,15.009,-0.020
84.663,57.001,19.099,15.079,0.032
84.720,57.144,19.197,15.082,-0.015
84.790,57.211,19.260,15.184,0.063
84.822,57.321,19.318,15.202,0.000
84.856,57.446,19.409,15.250,0.023
84.987,57.532,19.482,15.300,-0.008
84.991,57.669,19.559,15.340,0.000
85.034,57.742,19.650,15.402,0.000
85.077,57.855,19.736,15.456,-0.035
85.120,57.988,19.783,15.517,-0.014
85.159,58.081,19.876,15.530,0.003
85.245,58.186,19.952,15.599,0.002
85.245,58.272,20.035,15.640,-0.014
85.289,58.353,20.099,15.688,0.027
85.370,58.464,20.177,15.733,0.017
85.384,58.568,20.265,15.770,-0.012
85.440,58.690,20.341,15.828,-0.003
85.495,58.789,20.430,15.881,0.003
85.536,58.887,20.499,15.936,-0.008
85.555,58.961,20.561,16.016,-0.008
85.654,59.068,20.663,16.042,-0.017
85.661,59.152,20.726,16.078,0.015
85.686,59.225,20.792,16.115,0.012
85.699,59.314,20.869,16.159,-0.011
85.757,59.421,20.937,16.205,0.006
85.799,59.491,21.017,16.269,-0.018
85.805,59.550,21.078,16.284,0.017
85.863,59.650,21.144,16.331,0.005
85.921,59.760,21.223,16.399,0.002
85.947,59.850,21.297,16.423,0.003
85.965,59.933,21.356,16.469,0.006
85.995,60.001,21.426,16.512,-0.003
86.067,60.089,21.495,16.557,-0.011
86.061,60.147,21.561,16.594,-0.012
86.131,60.226,21.623,16.632,-0.014
86.150,60.298,21.686,16.672,-0.003
86.176,60.393,21.739,16.707,0.000
86.209,60.463,21.811,16.736,-0.002
86.247,60.541,21.875,16.782,0.003
86.302,60.634,21.951,16.824,-0.003
86.336,60.689,22.009,16.869,-0.003
86.349,60.773,22.078,16.917,-0.009
86.400,60.844,22.147,16.942,-0.003
86.429,60.928,22.206,16.985,-0.017
86.462,61.009,22.281,17.006,-0.006
86.505,61.079,22.337,17.067,0.008
86.516,61.171,22.391,17.101,0.023
86.562,61.240,22.462,17.137,-0.006
86.586,61.317,22.533,17.177,0.000
86.621,61.397,22.597,17.216,0.009
86.647,61.455,22.643,17.247,0.017
86.688,61.537,22.720,17.285,0.023
86.731,61.606,22.781,17.325,0.000
86.754,61.685,22.844,17.365,0.005
86.784,61.761,22.906,17.406,0.000
86.818,61.829,22.957,17.445,-0.002
86.850,61.890,23.021,17.488,-0.009
86.893,61.975,23.096,17.516,0.000
86.899,62.064,23.151,17.551,-0.012
86.922,62.132,23.213,17.590,-0.002
86.989,62.207,23.289,17.622,0.000
87.013,62.283,23.354,17.661,0.002
87.039,62.363,23.416,17.708,0.003
87.057,62.421,23.489,17.752,0.000
87.117,62.509,23.566,17.801,0.008
87.143,62.602,23.645,17.844,0.005
87.177,62.689,23.715,17.880,0.000
87.206,62.761,23.773,17.914,0.011
87.236,62.834,23.840,17.963,-0.002
87.270,62.921,23.924,18.011,0.000
87.326,63.005,24.007,18.059,-0.002
87.337,63.063,24.066,18.102,-0.011
87.373,63.168,24.153,18.144,-0.002
87.413,63.263,24.228,18.188,0.000
87.448,63.335,24.304,18.242,0.000
87.479,63.419,24.377,18.282,0.000
87.508,63.498,24.452,18.332,0.003
87.541,63.574,24.536,18.376,0.008
87.579,63.670,24.612,18.423,0.002
87.608,63.751,24.704,18.472,0.003
87.645,63.846,24.779,18.533,0.002
87.674,63.924,24.855,18.582,-0.003
87.729,64.021,24.947,18.634,0.002
87.758,64.114,25.034,18.684,0.006
87.808,64.207,25.119,18.738,0.002
87.840,64.297,25.211,18.794,0.011
87.875,64.391,25.301,18.855,0.003
87.909,64.490,25.389,18.912,-0.003
87.958,64.580,25.484,18.971,-0.002
87.996,64.674,25.581,19.032,0.005
88.040,64.780,25.673,19.086,0.005
88.081,64.874,25.768,19.157,0.000
88.118,64.973,25.873,19.217,0.012
88.164,65.076,25.975,19.278,0.011
88.205,65.182,26.076,19.344,0.014
88.246,65.274,26.175,19.411,0.012
88.289,65.375,26.270,19.467,0.005
88.329,65.465,26.366,19.536,0.006
88.353,65.558,26.459,19.597,0.003
88.382,65.642,26.549,19.650,0.002
88.412,65.727,26.642,19.711,0.008
88.452,65.820,26.744,19.785,0.000
88.489,65.913,26.843,19.843,0.002
88.525,66.005,26.941,19.910,0.005
88.556,66.103,27.043,19.977,0.006
88.600,66.193,27.141,20.038,0.002
88.637,66.286,27.245,20.110,0.000
88.670,66.389,27.342,20.174,0.005
88.702,66.479,27.444,20.244,0.011
88.739,66.574,27.550,20.316,0.008
88.776,66.666,27.660,20.387,0.005
88.826,66.772,27.766,20.462,0.003
88.857,66.870,27.882,20.540,0.002
88.898,66.972,27.991,20.610,0.009
88.936,67.070,28.105,20.694,0.014
88.969,67.177,28.220,20.770,0.006
89.017,67.281,28.337,20.853,0.011
89.064,67.381,28.456,20.934,0.008
89.105,67.491,28.580,21.013,0.015
89.148,67.601,28.694,21.100,0.015
89.185,67.703,28.818,21.188,0.008
89.221,67.809,28.941,21.272,0.008
89.267,67.912,29.063,21.356,0.012
89.308,68.016,29.182,21.442,0.008
89.352,68.124,29.301,21.526,0.003
89.381,68.227,29.417,21.606,0.009
89.420,68.329,29.543,21.693,0.015
89.458,68.428,29.669,21.786,0.014
89.513,68.538,29.799,21.875,0.011
89.548,68.642,29.912,21.960,0.021
89.583,68.744,30.051,22.050,0.015
89.635,68.846,30.174,22.141,0.020
89.674,68.953,30.293,22.232,0.027
89.714,69.055,30.421,22.322,0.023
89.752,69.159,30.553,22.421,0.021
89.789,69.264,30.684,22.517,0.018
89.832,69.365,30.812,22.607,0.020
89.877,69.481,30.949,22.708,0.014
89.923,69.586,31.085,22.807,0.021
89.963,69.695,31.223,22.905,0.014
89.998,69.801,31.352,23.004,0.029
90.056,69.917,31.490,23.102,0.023
90.080,70.024,31.624,23.206,0.026
90.128,70.117,31.757,23.305,0.031
90.172,70.230,31.905,23.409,0.031
90.219,70.343,32.034,23.511,0.031
90.240,70.441,32.166,23.605,0.031
90.327,70.610,32.381,23.779,0.043
90.405,70.792,32.619,23.958,0.066
90.436,70.877,32.745,24.051,0.064
90.479,70.979,32.875,24.149,0.066
90.526,71.071,32.997,24.243,0.066
90.553,71.169,33.124,24.338,0.069
90.594,71.268,33.241,24.428,0.066
90.640,71.370,33.371,24.524,0.070
90.666,71.458,33.495,24.615,0.072
90.698,71.544,33.621,24.713,0.069
90.736,71.634,33.746,24.811,0.069
90.776,71.733,33.870,24.911,0.067
90.808,71.829,33.997,25.003,0.070
90.840,71.916,34.126,25.104,0.076
90.868,72.000,34.253,25.200,0.079
90.904,72.102,34.387,25.305,0.078
90.941,72.197,34.518,25.407,0.078
90.979,72.290,34.650,25.504,0.076
91.000,72.380,34.781,25.607,0.082
91.039,72.478,34.912,25.711,0.085
91.068,72.566,35.040,25.810,0.084
91.098,72.650,35.173,25.911,0.090
91.130,72.743,35.300,26.010,0.089
91.167,72.832,35.434,26.112,0.090
91.187,72.908,35.551,26.208,0.092
91.209,72.984,35.680,26.308,0.092
91.241,73.082,35.814,26.407,0.095
91.267,73.158,35.933,26.508,0.095
91.292,73.244,36.050,26.602,0.102
91.319,73.325,36.180,26.703,0.105
91.354,73.413,36.305,26.802,0.105
91.376,73.492,36.429,26.901,0.105
91.400,73.573,36.555,27.003,0.107
91.422,73.653,36.681,27.097,0.111
91.447,73.729,36.803,27.194,0.114
91.473,73.808,36.925,27.293,0.116
91.502,73.895,37.056,27.391,0.119
91.536,73.981,37.183,27.498,0.121
91.566,74.071,37.315,27.600,0.124
91.594,74.158,37.445,27.705,0.122
91.618,74.236,37.575,27.808,0.128
91.650,74.327,37.706,27.914,0.128
91.675,74.406,37.836,28.020,0.133
91.702,74.498,37.967,28.127,0.136
91.730,74.579,38.101,28.229,0.139
91.768,74.663,38.248,28.345,0.142
91.789,74.745,38.374,28.445,0.145
91.818,74.831,38.501,28.551,0.150
91.846,74.918,38.635,28.654,0.156
91.879,74.997,38.759,28.761,0.156
91.902,75.076,38.892,28.867,0.159
91.931,75.163,39.021,28.970,0.163
91.962,75.243,39.151,29.073,0.163
91.988,75.313,39.270,29.173,0.169
92.006,75.398,39.394,29.277,0.174
92.046,75.487,39.528,29.382,0.179
92.078,75.563,39.653,29.491,0.183
92.111,75.650,39.786,29.594,0.185
92.143,75.731,39.920,29.701,0.192
92.162,75.815,40.042,29.802,0.195
92.192,75.903,40.182,29.913,0.197
92.218,75.974,40.311,30.019,0.203
92.236,76.051,40.440,30.125,0.209
92.284,76.143,40.581,30.237,0.212
92.310,76.222,40.710,30.350,0.217
92.326,76.295,40.842,30.458,0.217
92.368,76.389,40.981,30.573,0.227
92.400,76.472,41.119,30.687,0.237
92.422,76.555,41.252,30.797,0.241
92.458,76.637,41.393,30.913,0.244
92.485,76.732,41.534,31.029,0.249
92.516,76.817,41.672,31.146,0.253
92.537,76.891,41.806,31.255,0.264
92.566,76.979,41.942,31.367,0.266
92.592,77.058,42.079,31.480,0.275
92.621,77.135,42.210,31.596,0.282
92.664,77.228,42.354,31.715,0.287
92.691,77.313,42.494,31.833,0.293
92.717,77.391,42.630,31.949,0.301
92.751,77.477,42.770,32.062,0.310
92.780,77.559,42.917,32.187,0.316
92.809,77.646,43.057,32.306,0.322
92.830,77.727,43.193,32.423,0.328
92.867,77.814,43.341,32.549,0.339
92.900,77.893,43.484,32.668,0.345
92.924,77.975,43.631,32.794,0.352
92.957,78.065,43.784,32.924,0.362
92.987,78.154,43.938,33.060,0.372
93.015,78.241,44.093,33.189,0.385
93.054,78.342,44.252,33.327,0.391
93.092,78.430,44.414,33.463,0.401
93.121,78.523,44.580,33.601,0.412
93.152,78.618,44.742,33.740,0.421
93.192,78.708,44.901,33.884,0.436
93.224,78.802,45.067,34.024,0.447
93.250,78.891,45.227,34.164,0.458
93.289,78.984,45.395,34.308,0.471
93.324,79.077,45.552,34.444,0.479
93.362,79.170,45.709,34.578,0.490
93.398,79.259,45.857,34.711,0.502
93.423,79.346,46.014,34.843,0.513
93.451,79.427,46.162,34.972,0.523
93.483,79.504,46.307,35.101,0.536
93.501,79.581,46.445,35.223,0.546
93.541,79.671,46.591,35.350,0.558
93.562,79.742,46.738,35.481,0.572
93.587,79.820,46.883,35.608,0.581
93.619,79.901,47.028,35.733,0.597
93.643,79.973,47.165,35.861,0.607
93.668,80.048,47.307,35.988,0.621
93.698,80.127,47.459,36.124,0.638
93.719,80.203,47.603,36.253,0.650
93.741,80.283,47.758,36.392,0.665
93.764,80.354,47.906,36.525,0.681
93.799,80.441,48.065,36.665,0.697
93.829,80.525,48.218,36.807,0.714
93.846,80.603,48.370,36.945,0.732
93.871,80.685,48.528,37.090,0.751
93.903,80.766,48.686,37.239,0.769
93.938,80.849,48.842,37.379,0.786
93.953,80.916,48.991,37.518,0.806
93.987,81.007,49.161,37.671,0.824
94.012,81.091,49.326,37.816,0.845
94.038,81.166,49.478,37.958,0.865
94.067,81.255,49.643,38.112,0.885
94.098,81.340,49.806,38.266,0.906
94.128,81.415,49.963,38.405,0.928
94.153,81.496,50.124,38.557,0.951
94.188,81.581,50.287,38.712,0.972
94.220,81.668,50.453,38.867,0.995
94.249,81.754,50.620,39.018,1.019
94.279,81.839,50.786,39.174,1.044
94.308,81.923,50.957,39.333,1.068
94.339,82.011,51.128,39.494,1.096
94.363,82.092,51.300,39.653,1.122
94.392,82.179,51.466,39.816,1.146
94.421,82.262,51.637,39.983,1.176
94.452,82.349,51.816,40.147,1.204
94.492,82.437,51.993,40.315,1.231
94.518,82.524,52.170,40.488,1.265
94.543,82.610,52.341,40.651,1.294
94.563,82.689,52.509,40.810,1.324
94.603,82.773,52.681,40.976,1.357
94.637,82.860,52.852,41.141,1.387
94.669,82.941,53.020,41.304,1.419
94.693,83.020,53.198,41.475,1.454
94.716,83.098,53.365,41.637,1.485
94.734,83.176,53.520,41.789,1.518
94.774,83.270,53.694,41.957,1.552
94.801,83.351,53.857,42.117,1.584
94.820,83.423,54.018,42.274,1.622
94.858,83.504,54.187,42.435,1.656
94.888,83.583,54.352,42.599,1.691
94.913,83.661,54.515,42.755,1.730
94.945,83.745,54.686,42.923,1.767
94.963,83.809,54.843,43.080,1.805
94.992,83.891,55.014,43.248,1.845
95.013,83.966,55.176,43.413,1.884
95.038,84.044,55.341,43.576,1.924
95.071,84.128,55.508,43.742,1.967
95.102,84.212,55.687,43.916,2.010
95.134,84.299,55.862,44.096,2.054
95.158,84.375,56.030,44.261,2.100
95.175,84.450,56.195,44.426,2.142
95.198,84.526,56.357,44.595,2.190
95.235,84.607,56.535,44.775,2.235
95.256,84.682,56.700,44.940,2.283
95.274,84.750,56.859,45.102,2.330
95.313,84.836,57.039,45.277,2.379
95.335,84.915,57.204,45.451,2.429
95.354,84.985,57.368,45.612,2.478
95.381,85.060,57.538,45.781,2.533
95.404,85.130,57.697,45.938,2.582
95.421,85.201,57.855,46.103,2.632
95.454,85.275,58.023,46.277,2.686
95.476,85.353,58.186,46.446,2.736
95.502,85.428,58.345,46.616,2.791
95.526,85.501,58.510,46.786,2.850
95.549,85.570,58.675,46.957,2.910
95.575,85.645,58.847,47.128,2.968
95.595,85.718,59.015,47.301,3.027
95.612,85.791,59.174,47.473,3.087
95.639,85.861,59.346,47.644,3.151
95.668,85.947,59.521,47.829,3.215
95.697,86.023,59.700,48.007,3.282
95.720,86.093,59.866,48.184,3.354
95.737,86.165,60.042,48.366,3.421
95.767,86.237,60.217,48.549,3.490
95.799,86.319,60.387,48.732,3.560
95.824,86.401,60.561,48.912,3.636
95.840,86.473,60.722,49.084,3.706
95.857,86.542,60.890,49.261,3.780
95.880,86.607,61.050,49.432,3.853
95.897,86.671,61.215,49.605,3.926
95.917,86.743,61.382,49.782,4.004
95.937,86.810,61.543,49.954,4.079
95.959,86.888,61.716,50.133,4.160
95.978,86.958,61.882,50.310,4.236
95.998,87.032,62.047,50.488,4.317
96.030,87.111,62.219,50.671,4.401
96.045,87.175,62.389,50.858,4.488
96.075,87.241,62.556,51.036,4.575
96.098,87.318,62.727,51.221,4.668
96.124,87.410,62.903,51.410,4.758
96.159,87.485,63.080,51.604,4.851
96.176,87.555,63.248,51.782,4.939
96.207,87.631,63.426,51.973,5.038
96.230,87.700,63.602,52.167,5.139
96.266,87.781,63.779,52.359,5.237
96.292,87.865,63.965,52.562,5.344
96.318,87.944,64.151,52.760,5.449
96.347,88.016,64.320,52.948,5.551
96.368,88.095,64.494,53.137,5.661
96.382,88.162,64.665,53.331,5.768
96.417,88.242,64.854,53.528,5.879
96.445,88.318,65.030,53.723,5.994
96.478,88.403,65.215,53.923,6.110
96.504,88.470,65.388,54.121,6.227
96.536,88.547,65.564,54.320,6.342
96.555,88.622,65.732,54.515,6.458
96.577,88.684,65.906,54.695,6.578
96.608,88.757,66.078,54.893,6.702
96.632,88.844,66.263,55.098,6.825
96.663,88.918,66.447,55.301,6.953
96.692,89.005,66.631,55.498,7.083
96.735,89.096,66.843,55.728,7.230
96.758,89.165,67.023,55.928,7.365
96.780,89.233,67.204,56.133,7.507
96.803,89.308,67.390,56.345,7.654
96.837,89.401,67.578,56.557,7.800
96.861,89.465,67.760,56.761,7.951
96.880,89.536,67.946,56.970,8.102
96.912,89.626,68.146,57.191,8.263
96.944,89.706,68.344,57.411,8.426
96.970,89.786,68.526,57.623,8.583
96.999,89.847,68.709,57.826,8.745
97.023,89.929,68.886,58.038,8.905
97.058,90.010,69.077,58.252,9.071
97.078,90.083,69.261,58.456,9.238
97.098,90.160,69.444,58.669,9.406
97.121,90.227,69.617,58.888,9.583
97.134,90.298,69.795,59.091,9.747
97.176,90.375,69.974,59.288,9.918
97.200,90.440,70.161,59.502,10.097
97.221,90.511,70.337,59.706,10.274
97.250,90.582,70.518,59.917,10.460
97.275,90.648,70.706,60.136,10.651
97.305,90.730,70.885,60.350,10.841
97.331,90.800,71.071,60.561,11.031
97.336,90.872,71.252,60.776,11.221
97.363,90.953,71.436,60.989,11.421
97.388,91.017,71.625,61.200,11.626
97.421,91.090,71.806,61.423,11.836
97.440,91.159,71.988,61.644,12.042
97.455,91.234,72.177,61.865,12.259
97.478,91.309,72.372,62.091,12.482
97.505,91.370,72.557,62.314,12.704
97.525,91.440,72.737,62.532,12.923
97.552,91.525,72.914,62.749,13.142
97.562,91.586,73.091,62.962,13.364
97.597,91.652,73.279,63.176,13.586
97.621,91.705,73.451,63.383,13.814
97.644,91.777,73.630,63.603,14.043
97.667,91.852,73.816,63.820,14.275
97.672,91.910,73.978,64.032,14.505
97.702,91.983,74.161,64.244,14.734
97.713,92.041,74.318,64.458,14.961
97.734,92.101,74.487,64.659,15.201
97.742,92.160,74.660,64.868,15.443
97.765,92.206,74.828,65.073,15.678
97.803,92.288,75.018,65.302,15.930
97.809,92.358,75.180,65.509,16.180
97.827,92.421,75.357,65.721,16.434
97.836,92.482,75.525,65.933,16.690
97.858,92.549,75.693,66.144,16.945
97.881,92.616,75.865,66.367,17.212
97.902,92.679,76.041,66.574,17.480
97.925,92.743,76.215,66.795,17.754
97.935,92.789,76.378,67.007,18.022
97.963,92.863,76.575,67.232,18.295
97.972,92.912,76.729,67.424,18.559
97.975,92.969,76.877,67.628,18.826
98.012,93.027,77.048,67.834,19.093
98.027,93.083,77.209,68.039,19.359
98.036,93.141,77.364,68.240,19.624
98.045,93.195,77.522,68.442,19.896
98.077,93.254,77.687,68.637,20.164
98.088,93.300,77.843,68.823,20.433
98.087,93.343,77.977,69.016,20.699
98.093,93.385,78.104,69.193,20.961
98.111,93.430,78.264,69.397,21.243
98.122,93.484,78.419,69.594,21.518
98.137,93.544,78.568,69.778,21.788
98.140,93.585,78.709,69.972,22.073
98.158,93.634,78.859,70.157,22.353
98.193,93.698,79.019,70.358,22.639
98.184,93.735,79.163,70.546,22.923
98.201,93.788,79.314,70.743,23.212
98.215,93.846,79.468,70.932,23.506
98.232,93.892,79.613,71.132,23.796
98.245,93.939,79.758,71.327,24.088
98.257,93.987,79.915,71.518,24.380
98.270,94.041,80.043,71.692,24.669
98.279,94.090,80.183,71.886,24.959
98.311,94.144,80.331,72.073,25.244
98.328,94.191,80.464,72.246,25.528
98.340,94.238,80.605,72.432,25.819
98.351,94.290,80.745,72.612,26.100
98.367,94.344,80.885,72.795,26.387
98.389,94.385,81.021,72.981,26.678
98.410,94.437,81.154,73.149,26.964
98.412,94.481,81.281,73.312,27.243
98.428,94.516,81.415,73.482,27.530
98.442,94.563,81.549,73.665,27.821
98.462,94.620,81.682,73.839,28.114
98.492,94.678,81.807,74.014,28.403
98.499,94.713,81.946,74.188,28.697
98.508,94.749,82.076,74.361,28.995
98.523,94.798,82.205,74.535,29.300
98.547,94.849,82.333,74.704,29.591
98.552,94.890,82.463,74.878,29.892
98.587,94.957,82.614,75.069,30.208
98.604,94.995,82.735,75.233,30.508
98.613,95.033,82.855,75.407,30.814
98.627,95.082,82.983,75.580,31.116
98.640,95.119,83.109,75.742,31.409
98.653,95.154,83.237,75.908,31.708
98.662,95.200,83.351,76.060,31.999
98.671,95.248,83.476,76.224,32.297
98.676,95.274,83.583,76.378,32.588
98.688,95.316,83.707,76.538,32.881
98.717,95.358,83.817,76.700,33.165
98.738,95.406,83.943,76.857,33.464
98.743,95.456,84.062,77.014,33.754
98.764,95.488,84.172,77.168,34.044
98.767,95.522,84.283,77.315,34.341
98.775,95.558,84.381,77.466,34.631
98.790,95.598,84.491,77.629,34.924
98.801,95.628,84.605,77.776,35.220
98.811,95.662,84.717,77.927,35.519
98.822,95.702,84.822,78.081,35.818
98.839,95.746,84.941,78.235,36.124
98.857,95.789,85.060,78.394,36.423
98.862,95.816,85.158,78.540,36.725
98.862,95.851,85.271,78.687,37.030
98.882,95.891,85.378,78.836,37.334
98.888,95.920,85.481,78.976,37.624
98.889,95.943,85.580,79.128,37.930
98.907,95.987,85.681,79.268,38.231
98.926,96.019,85.788,79.405,38.521
98.927,96.051,85.895,79.553,38.821
98.943,96.098,85.999,79.700,39.120
98.950,96.120,86.092,79.832,39.412
98.950,96.143,86.189,79.973,39.705
98.959,96.172,86.288,80.103,39.992
98.979,96.210,86.389,80.238,40.280
98.981,96.240,86.484,80.368,40.573
98.979,96.265,86.569,80.499,40.860
98.991,96.295,86.671,80.637,41.159
98.991,96.313,86.763,80.759,41.457
99.007,96.353,86.859,80.896,41.756
99.010,96.393,86.957,81.035,42.059
99.011,96.408,87.047,81.174,42.355
99.022,96.434,87.141,81.299,42.659
99.037,96.460,87.239,81.433,42.969
99.039,96.490,87.332,81.567,43.274
99.051,96.519,87.436,81.705,43.581
99.036,96.539,87.512,81.825,43.881
99.036,96.553,87.596,81.949,44.180
99.045,96.581,87.686,82.077,44.479
99.046,96.613,87.778,82.204,44.775
99.046,96.643,87.859,82.321,45.059
99.059,96.660,87.956,82.449,45.357
99.068,96.684,88.048,82.579,45.662
99.069,96.704,88.121,82.701,45.946
99.051,96.713,88.199,82.802,46.227
99.048,96.733,88.275,82.919,46.512
99.042,96.751,88.358,83.032,46.800
99.052,96.770,88.440,83.147,47.093
99.055,96.791,88.521,83.270,47.386
99.040,96.805,88.596,83.372,47.678
99.042,96.815,88.672,83.484,47.968
99.028,96.831,88.744,83.603,48.247
99.014,96.840,88.811,83.705,48.540
99.014,96.857,88.890,83.818,48.834
99.013,96.861,88.957,83.922,49.127
98.991,96.866,89.023,84.024,49.431
98.979,96.881,89.105,84.137,49.728
98.965,96.898,89.172,84.239,50.021
98.962,96.898,89.236,84.349,50.311
98.952,96.907,89.310,84.453,50.601
98.914,96.895,89.357,84.528,50.871
98.898,96.893,89.418,84.630,51.157
98.883,96.895,89.481,84.727,51.445
98.860,96.896,89.536,84.814,51.720
98.837,96.890,89.597,84.901,52.007
98.820,96.893,89.659,84.999,52.281
98.810,96.901,89.719,85.091,52.553
98.772,96.880,89.760,85.167,52.818
98.750,96.880,89.809,85.260,53.101
98.727,96.881,89.874,85.352,53.378
98.697,96.872,89.922,85.431,53.659
98.685,96.875,89.981,85.518,53.941
98.657,96.873,90.034,85.605,54.221
98.627,96.863,90.083,85.686,54.501
98.599,96.851,90.131,85.773,54.778
98.575,96.844,90.189,85.860,55.064
98.541,96.831,90.236,85.936,55.348
98.512,96.820,90.283,86.023,55.634
98.473,96.800,90.321,86.099,55.916
98.441,96.791,90.367,86.168,56.200
98.396,96.767,90.402,86.246,56.476
98.343,96.724,90.424,86.293,56.743
98.299,96.706,90.459,86.357,57.010
98.247,96.677,90.488,86.424,57.274
98.206,96.648,90.518,86.481,57.541
98.145,96.617,90.543,86.536,57.803
98.090,96.576,90.564,86.586,58.051
98.029,96.544,90.585,86.641,58.318
97.975,96.509,90.611,86.702,58.580
97.940,96.483,90.643,86.758,58.849
97.906,96.474,90.685,86.833,59.126
97.876,96.461,90.727,86.908,59.398
97.868,96.474,90.782,86.993,59.689
97.865,96.490,90.848,87.090,59.988
97.856,96.490,90.912,87.181,60.271
97.868,96.506,90.981,87.288,60.574
97.897,96.552,91.078,87.421,60.902
97.910,96.582,91.159,87.532,61.214
97.951,96.631,91.261,87.656,61.531
97.987,96.677,91.356,87.788,61.855
98.018,96.715,91.441,87.907,62.164
98.062,96.777,91.553,88.046,62.489
98.103,96.828,91.649,88.171,62.802
98.141,96.886,91.754,88.306,63.129
98.192,96.938,91.858,88.445,63.457
98.248,97.002,91.963,88.582,63.773
98.299,97.066,92.065,88.719,64.095
98.349,97.127,92.163,88.852,64.412
98.398,97.186,92.271,88.982,64.717
98.457,97.253,92.383,89.125,65.039
98.521,97.316,92.490,89.259,65.367
98.579,97.383,92.607,89.400,65.686
98.636,97.452,92.714,89.542,66.005
98.688,97.514,92.816,89.679,66.322
98.755,97.589,92.935,89.827,66.661
98.816,97.661,93.050,89.967,66.985
98.877,97.723,93.158,90.108,67.323
98.943,97.803,93.275,90.262,67.665
99.011,97.891,93.401,90.416,68.010
99.066,97.948,93.512,90.559,68.340
99.129,98.015,93.629,90.704,68.689
99.200,98.088,93.745,90.854,69.029
99.260,98.151,93.849,90.984,69.356
99.304,98.216,93.956,91.122,69.676
99.367,98.283,94.066,91.261,70.007
99.414,98.349,94.170,91.391,70.319
99.464,98.404,94.273,91.531,70.639
99.512,98.462,94.363,91.653,70.950
99.561,98.517,94.460,91.782,71.265
99.615,98.579,94.562,91.907,71.582
99.663,98.634,94.659,92.038,71.892
99.704,98.680,94.745,92.157,72.205
99.748,98.737,94.841,92.284,72.520
99.788,98.792,94.936,92.403,72.835
99.823,98.834,95.023,92.516,73.138
99.863,98.872,95.107,92.635,73.441
99.898,98.927,95.195,92.757,73.764
99.928,98.972,95.274,92.868,74.068
99.968,99.013,95.361,92.992,74.388
100.002,99.048,95.451,93.115,74.709
100.024,99.081,95.522,93.221,75.015
100.060,99.123,95.609,93.346,75.328
100.085,99.162,95.692,93.460,75.636
100.099,99.191,95.752,93.564,75.932
100.127,99.229,95.822,93.680,76.231
100.146,99.260,95.901,93.787,76.530
100.168,99.287,95.972,93.889,76.825
100.183,99.301,96.031,93.991,77.113
100.204,99.345,96.101,94.092,77.400
100.220,99.371,96.169,94.186,77.692
100.232,99.393,96.239,94.284,77.975
100.244,99.416,96.295,94.376,78.252
100.258,99.440,96.352,94.466,78.546
100.264,99.448,96.410,94.540,78.824
100.273,99.466,96.466,94.627,79.109
100.279,99.490,96.529,94.722,79.404
100.294,99.518,96.590,94.820,79.697
100.302,99.530,96.652,94.894,79.973
100.316,99.550,96.703,94.981,80.269
100.304,99.559,96.747,95.065,80.559
100.316,99.577,96.809,95.154,80.861
100.314,99.588,96.857,95.233,81.137
100.316,99.597,96.909,95.309,81.424
100.310,99.603,96.957,95.387,81.703
100.314,99.626,97.003,95.462,81.978
100.317,99.629,97.063,95.546,82.260
100.307,99.637,97.102,95.615,82.535
100.320,99.649,97.151,95.689,82.808
100.328,99.667,97.208,95.772,83.081
100.314,99.669,97.241,95.833,83.336
100.313,99.675,97.284,95.905,83.607
100.307,99.681,97.325,95.982,83.879
100.291,99.684,97.368,96.043,84.149
100.279,99.693,97.411,96.117,84.410
100.288,99.707,97.458,96.182,84.682
100.278,99.706,97.501,96.248,84.949
100.279,99.710,97.543,96.324,85.216
100.259,99.713,97.583,96.388,85.483
100.261,99.721,97.621,96.465,85.759
100.259,99.727,97.667,96.535,86.029
100.247,99.734,97.714,96.605,86.308
100.252,99.739,97.758,96.674,86.586
100.246,99.747,97.806,96.751,86.856
100.250,99.762,97.856,96.823,87.128
100.244,99.754,97.884,96.884,87.392
100.227,99.756,97.923,96.944,87.650
100.208,99.759,97.958,97.008,87.915
100.217,99.762,98.000,97.072,88.184
100.217,99.771,98.044,97.144,88.452
100.209,99.780,98.090,97.212,88.708
100.197,99.770,98.125,97.276,88.956
100.188,99.771,98.161,97.339,89.214
100.201,99.788,98.213,97.409,89.481
100.191,99.789,98.244,97.472,89.745
100.182,99.803,98.299,97.543,90.015
100.192,99.803,98.335,97.604,90.277
100.191,99.811,98.381,97.678,90.540
100.185,99.829,98.428,97.745,90.825
100.200,99.855,98.494,97.844,91.113
100.203,99.872,98.534,97.908,91.393
100.177,99.855,98.563,97.958,91.644
100.163,99.850,98.590,98.012,91.907
100.174,99.861,98.645,98.091,92.189
100.182,99.889,98.700,98.175,92.464
100.175,99.873,98.729,98.218,92.719
100.140,99.855,98.744,98.267,92.957
100.165,99.887,98.804,98.349,93.240
100.183,99.910,98.856,98.424,93.501
100.154,99.896,98.888,98.477,93.742
100.136,99.884,98.907,98.521,93.990
100.151,99.905,98.955,98.593,94.249
100.169,99.944,99.026,98.682,94.539
100.171,99.954,99.069,98.758,94.792
100.116,99.913,99.057,98.770,95.003
100.085,99.896,99.081,98.810,95.227
100.090,99.908,99.124,98.878,95.496
100.108,99.924,99.173,98.955,95.757
100.117,99.937,99.223,99.025,96.024
100.140,99.974,99.286,99.109,96.294
100.137,99.974,99.319,99.168,96.550
100.119,99.963,99.345,99.213,96.796
100.085,99.950,99.368,99.245,97.025
100.073,99.931,99.390,99.292,97.258
100.055,99.922,99.413,99.329,97.499
100.047,99.930,99.448,99.393,97.737
100.047,99.945,99.490,99.466,98.000
100.044,99.954,99.519,99.513,98.241
100.027,99.945,99.557,99.561,98.474
100.015,99.956,99.583,99.622,98.708
100.017,99.950,99.599,99.669,98.936
100.003,99.960,99.644,99.721,99.176
100.009,99.959,99.678,99.776,99.420
99.994,99.959,99.715,99.817,99.649
100.024,99.980,99.753,99.898,99.850
